00010001,0001,0001,ストラテジ系,務指標に関する記述のうち、適切なものはどれか。,総資本利益率は、総資本をどれだけ効率的に使って利益を生み出しているかを表す指標です。,固定比率は、固定負債に対する固定資産の割合であり、その値が小さいほど安全性が高い。,自己資本比率は、固定資産に対する自己資本の割合であり、その値が大きいほど堅実性が高い。,総資本利益率は、総資本に対する利益の割合であり、その値が大きいほど収益性が高い。,流動比率は、流動負債に対する流動資産の割合であり、その値が小さいほど安全性が高い。,C
00010002,0002,0001,ストラテジ系,単価が高く、調達期間が長い商品は、定期発注方式より定量発注方式の方が適している。,在庫を補充するための発注方式には、「定期発注方式」と「定量発注方式」および「二棚法」があります。,単価が高く、調達期間が長い商品は、定期発注方式より定量発注方式の方が適している。,定期発注方式は、多くの商品を同時に発注でき、在庫量の減少を図ることもできる。,定量発注方式では、毎回需要予測を行って発注量を決める。,二棚法を用いて発注を行うと、発注事務作業が容易にでき、需要の変化に的確に対応できる。,B
00010003,0003,0001,ストラテジ系,ABC分析手法の適用例はどれか。,ABC分析は、パレート図を使って分析する要素・項目群を大きい順に並べ、上位70%を占める要素群をA、70%～90%の要素群をB、それ以外の要素群をCとしてグルーピングすることで重点的に管理すべきグループがどれであるかを明らかにする手法です。したがって適切な事例は「ウ」になります。,地域を格子状の複数の区画に分け、様々なデータ(人口、購買力など)に基づいて、より細かに地域分析をする。,何回も同じパネル(回答者)に反復調査する。そのデータで地域の傾向や購入層の変化を把握する。,販売金額、粗利益金額などが高い商品から順番に並べ、その累計比率によって商品を幾つかの階層に分け、高い階層に属する商品の販売量の拡大を図る。,複数の調査データを要因ごとに区分し、集計することによって、関連販売力の分析や同一商品の購入状況などを分析する。,C
00010004,0004,0001,ストラテジ系,“共通フレーム98(SLCP-JCF98)”に関する記述として、適切なものはどれか。,"共通フレームは、日本のソフトウェア産業界においての""共通の枠組み""、""共通の物差し""となることを目的として作成された規格です。取得者と供給者双方または、システム開発に関わる全ての人が、ソフトウェアを中心としたシステムの企画、 要件定義、開発、運用、保守の作業内容を共通に参照できるよう詳細に表現したり、ソフトウェア取引を明確化するための基準が記述されています",IEEE版ソフトウェアライフサイクルプロセス(SLCP)の規格である。,ISO 9001における品質マネジメントシステムの国際規格である。,ISO/IEC によって、ISO 12207として制定されたSLCPの国際規格である。,日本国内のユーザ、ベンダ、学識経験者が共同で策定した、国内版SLCPの共通フレームである。,D
00010005,0005,0001,ストラテジ系,JIS Q 9001(ISO 9001)に基づく品質マネジメントシステムの運用に関する記述のうち、適切なものはどれか。,ISO 9001 シリーズ（品質マネジメントシステム規格）とは、企業が品質保証体制を 構築することにより、顧客・消費者からの信頼性を高め、品質レベル向上・業務革新の 推進によって企業の優位性を確保することが可能となる国際規格である。,組織内では幾つかの活動があり、その内容が異なっても、品質目標は統一して定めることが品質確保に効果的である。,品質マニュアルが現実に守られないケースが多く発生した場合でも、一定期間継続してそのマニュアルを使用する。,品質マネジメントシステムは国際規格に準じて構築されるので、プロセスの実施状況から手順を見直すことなく運用できる。,よく吟味されて作成された品質マネジメントシステムでも、運用段階で不都合があった場合は、正規の手続を経て変更する。,D
00010006,0006,0001,ストラテジ系,QCにおける管理図を説明したものはどれか。,管理図は、工程の状態や品質を時系列に表した図であり、工程が安定した状態にあるかどうかを判断するために用いられます,作業の前後関係を整理して矢印で表現したネットワーク図を作成し、工程上のボトルネックを発見して日程計画に役立てる。,中央線と上下一対の限界線を引いて、製品などの特性値をプロットし、品質不良や製造工程の異常を検出して不良原因の除去や再発防止に役立てる。,不良品などの件数や損失金額を原因別に分類し、数値の大きい順に並べてその累積値によって改善効果の高い項目を把握する。,問題に対し、その原因と考えられる要素との関連を魚の骨のような図に整理し、本質的な原因を追求して解決に役立てる。,B
00010007,0007,0001,ストラテジ系,リスクや投資価値の類似性で分けたカテゴリごとの情報化投資について、最適な資源配分を行う手法はどれか。,ポートフォリオは、資産を効率的に運用するために、 リスクは低いが金利が低い金融商品とリスクは高いが金利も高い金融商品を組み合わせて運用する方法である。ITポートフォリオは、金融業界のポートフォリオの考え方を IT 投資の分野に応用したものである。,3C 分析,IT ポートフォリオ,エンタープライズアーキテクチャ,ベンチマーキング,B
00010008,0008,0001,ストラテジ系,ホスティングサービスの特徴はどれか。,通常インターネット上の情報は、サーバと呼ばれるコンピュータに保存されているが、 サーバは、高速接続可能、高性能、大容量、安定した電源設備などの条件が必要である。ホスティングとは、インターネットサービスプロバイダなどが、サーバを間貸しするサービスで、 ホスティングサービスとか、レンタルサーバと呼ばれる。,運用管理面では、サーバの稼働監視、インシデント対応などを全て利用者が担う。,サービス事業者が用意したサーバの利用権を利用者に貸し出す。,サービス事業者の高性能なサーバを利用者が専有するような使い方には対応しない。,サービス事業者の施設に利用者が独自のサーバを持ち込み、サーバの選定や組合せは自由に行う。,B
00010009,0009,0001,ストラテジ系,BYOD（Bring Your Own Device）の説明はどれか。,BYOD（Bring Your Own Device）は、従業員が個人で所有する PC やスマートフォンなどの情報端末を 業務のために使用することである。企業側では、従業員に支給していた情報機器のコストや通信費を節約できるなどのメリットがある。 ただし、情報機器の管理がきちんとされていないと情報漏えいやウイルス感染などのリスクは大きくなる。,会社から貸与された情報機器を常に携行して業務に当たること,会社所有のノートPCなどの情報機器を社外で私的に利用すること,個人所有の情報機器を私的に使用するために利用環境を設定すること,従業員が個人で所有する情報機器を業務のために使用すること,D
00010010,0010,0001,ストラテジ系,非機能要件の定義で行う作業はどれか。,機能要件には、業務の手順や入出力情報や業務要件を実現するために必要なシステムの機能に 関する要件などがある。非機能要件には、ソフトウェアの運用性、保守性、信頼性、効率性など品質に関する要件がある。 「システム開発で利用する言語に合わせた開発基準、標準を作成する」ことにより、 システム開発が効率的になる。,業務を構成する機能間の情報（データ）の流れを明確にする。,システム開発で用いるプログラム言語に合わせた開発基準、標準の技術要件を作成する。システム機能として実現する範囲を定義する。,他システムとの情報授受などのインタフェースを明確にする。,システム開発で用いるプログラム言語に合わせた開発基準、標準の技術要件を作成する。,D
00010011,0011,0001,ストラテジ系,エンタープライズアーキテクチャを構成するアプリケーションアーキテクチャについて説明したものはどれか。,エンタープライズアーキテクチャ(Enterprise Architecture:EA)とは、社会環境や情報技術の変化に素早く対応できるよう 「全体最適」の観点から業務やシステムを改善する仕組みであり、 組織全体として業務プロセスや情報システムの構造、利用する技術などを、 整理・体系化したものであり、大企業や政府機関などといった巨大な組織(enterprise)の 業務手順・情報システムの標準化、および組織の最適化を進め、 効率よい組織の運営を図るための方法論です。,業務に必要なデータの内容、データ間の関連や構造などを体系的に示したもの,業務プロセスを支援するシステムの機能や構成などを体系的に示したもの,情報システムの構築・運用に必要な技術的構成要素を体系的に示したもの,ビジネス戦略に必要な業務プロセスや情報の流れを体系的に示したもの,B
00010012,0012,0001,ストラテジ系,"""システム管理基準""によれば、""全体最適化""に含まれる作業はどれか。",システム管理基準は、情報戦略を立案し、効果的な情報システム投資とリスクを低減するためのコントロールを適切に整備・運用するための事項を経済産業省がとりまとめたものです。全体最適化は、組織体が主体的に経営戦略に沿って効果的な情報システム戦略を立案し、全社的に情報システム開発を推進する体制を整えるために実施される作業で、以下の4つのカテゴリに大別されています。,委託先を含む開発体制の策定,開発スケジュールの策定,個別システムのハードウェアの導入スケジュールの策定,情報システム基盤の整備計画の策定,D
00010013,0013,0001,ストラテジ系,共通フレームによれば、システム化構想の立案で作成されるものはどれか。,システム化構想の立案は、「システム化計画の立案」に先だって実施され、事業環境、現行業務、情報技術動向などを調査した上で、経営要求・経営課題、システム化の検討対象となる業務、業務の新全体像のイメージなどを文書化し、経営者の承認を得ることを目的とするアクティビティです。,企業で将来的に必要となる最上位の業務機能と業務組織を表した業務の全体像,業務手順やコンピュータ入出力情報など実現すべき要件,日次や月次で行う利用者業務やコンピュータ入出力作業の業務手順,必要なハードウェアやソフトウェアを記述した最上位レベルのシステム方式,A
00010014,0014,0001,ストラテジ系,IT投資評価を、個別プロジェクトの計画、実施、完了に応じて、事前評価、中間評価、事後評価として実施する。事前評価について説明したものはどれか。,IT投資評価における各フェーズでの実施内容は以下の通りです。事前評価、中間評価、事後評価,事前に設定した効果目標の達成状況を評価し、必要に応じて目標を達成するための改善策を検討する。,実施計画と実績との差異及び原因を詳細に分析し、投資額や効果目標の変更が必要かどうかを判断する。,投資効果の実現時期と評価に必要なデータ収集方法を事前に計画し、その時期に合わせて評価を行う。,投資目的に基づいた効果目標を設定し、実施可否判断に必要な情報を上位マネジメントに提供する。,D
00010015,0015,0001,ストラテジ系,"エンタープライズアーキテクチャの""四つの分類体系""に含まれるアーキテクチャは、ビジネスアーキテクチャ、テクノロジアーキテクチャ、アプリケーションアーキテクチャともう一つはどれか。",エンタープライズアーキテクチャ(EA:Enterprise Architecture)は、組織の全体最適化の観点より、業務及びシステム双方の改革を実践するために、業務及びシステムを統一的な手法でモデル化し、改善することを目的とした設計・管理方法です。,システムアーキテクチャ,ソフトウェアアーキテクチャ,データアーキテクチャ,バスアーキテクチャ,C
00010016,0016,0001,ストラテジ系,情報戦略における全体最適化計画策定の段階で、業務モデルを定義する目的はどれか。,組織体全体の情報システムは、個別の情報システムが有機的に関連し、整合性が相互に保たれ、効率的かつ効果的に目的を達成するものでなければなりません。経済産業省により策定されたシステム管理基準には、全体最適化の方針・目標として以下の6項目が示されています。,企業の全体業務と使用される情報の関連を整理し、情報システムのあるべき姿を明確化すること,システム化の範囲や開発規模を把握し、システム化に要する期間、開発工数、開発費用を見積もること,情報システムの構築のために必要なハードウェア、ソフトウェア、ネットワークなどの構成要素を洗い出すこと,情報システムを実際に運用するために必要なユーザマニュアルや運用マニュアルを作成するために、業務手順を確認すること,A
00010017,0017,0001,ストラテジ系,情報化投資計画において、投資価値の評価指標であるROIを説明したものはどれか。,ROI(Return On Investment、投資利益率)は、効果金額を投資額で割ったもので、投資額に対してどれだけ経常利益を生み出しているかを見る尺度です。値が大きいほど稼ぐ力が強いということになります。,売上増やコスト削減などによって創出された利益額を投資額で割ったもの,売上高投資金額比、従業員当たりの投資金額などを他社と比較したもの,現金流入の現在価値から、現金流出の現在価値を差し引いたもの,プロジェクトを実施しない場合の、市場での競争力を表したもの,A
00010018,0018,0001,ストラテジ系,"""システム管理基準""によれば、組織全体の情報システムのあるべき姿を明確にする計画はどれか。",全体最適化に関する項目の中に、「組織体全体の情報システムのあるべき姿を明確にすること。」という記述があります,開発計画,事業継続計画,全体最適化計画,年間運用計画,C
00010019,0019,0001,ストラテジ系,"""システム管理基準""によれば、情報戦略における情報システム全体の最適化目標を設定する際の留意事項はどれか。",システム管理基準は、情報戦略を立案し、効果的な情報システム投資とリスクを低減するためのコントロールを適切に整備・運用するための287事項をとりまとめたものです。,開発、運用及び保守の費用の算出基礎を明確にすること,開発の規模、システム特性等を考慮して開発手順を決めておくこと,経営戦略との整合性を考慮すること,必要な要員、予算、設備、期間等を確保すること,C
00010020,0020,0001,ストラテジ系,情報化に関する費用のうち、ランニングコストに該当するものはどれか。,システムにかかる総コスト(TCO)は、「イニシャルコスト」と「ランニングコスト」に分けられます。,サーバなど情報機器の保守費用,情報システム戦略立案のコンサルティング費用,ソフトウェアパッケージの導入費用,要件定義を行うシステムエンジニアの費用,A
00010021,0021,0001,ストラテジ系,リスクや投資価値の類似性で分けたカテゴリごとの情報化投資について、最適な資源配分を行う手法はどれか。,ITポートフォリオは、ポートフォリオの考え方を情報化投資戦略に応用したものです。IT投資をその目的やリスクの特性ごとにカテゴライズし、そのカテゴリごとに投資割合を管理することで、限りある経営資源を有効に配分することが可能になります。経済産業省が提唱するモデルでは「戦略目標達成型」「業務効率化型」「インフラ構築型」の3つのカテゴリに分類した後、いくつかの評価項目を用いて優先順位を決定します。,3C分析,ITポートフォリオ,エンタープライズアーキテクチャ,ベンチマーキング,B
00010022,0022,0001,ストラテジ系,情報戦略の立案時に、必ず整合性をとるべき対象はどれか。,情報戦略は、経営戦略の下に策定され、経営目標の達成に寄与するものでなければなりません。したがって立案時には、経営事業戦略、経営事業目標、中長期構想との整合性をとることが求められます。システム管理基準でも「情報システム全体の最適化目標を経営戦略に基づいて設定すること。」や「情報化投資計画は、経営戦略との整合性を考慮して策定すること。」などのように経営計画との整合性の重視を強調する管理項目が挙げられています。,新しく登場した情報技術,基幹システムの改修計画,情報システム部門の年度計画,中長期の経営計画,D
00010023,0023,0001,ストラテジ系,エンタープライズアーキテクチャを構成する四つの体系のうち、データ体系を策定する場合の成果物はどれか。,エンタープライズアーキテクチャ(EA)は、組織の全体最適化の観点より、業務及びシステム双方の改革を実践するために、業務及びシステムを統一的な手法でモデル化し、改善することを目的とした、設計・管理手法です。,業務流れ図,実体関連ダイアグラム,情報システム関連図,ソフトウェア構成図,B
00010024,0024,0001,ストラテジ系,業務プロセスのモデリング表記法として用いられ、複数のモデル図法を体系化したものはどれか。,UML(Unified Modeling Language)は、オブジェクト指向開発で用いられる標準表記法群で、UML2.0ではオブジェクト間の関連や動作・構成を表現する13種の図表から構成されています。,DFD,E-R図,UML,状態遷移図,C
00010025,0025,0001,ストラテジ系,"システム管理基準""によれば、情報システム全体の最適化目標を設定する際の着眼点はどれか。",システム管理基準は、効果的な情報システム投資とリスクを低減するためのコントロールを適切に整備・運用するための事項をとりまとめたものです。全体最適化計画は、経営戦略に基づいて設定され、組織体全体の情報システムのあるべき姿を明確にし、投資効果およびリスク算定の方法を明確にするなどの目的で策定されます。また組織体の長の承認および利害関係者の合意を得る必要があります。,教育及び訓練に必要な資源を明確にしていること,経営戦略への貢献を明確にしていること,システム保守手順に基づきプログラムの変更を行っていること,人的資源の外部からの調達方針を明確にしていること,B
00010026,0026,0001,ストラテジ系,エンタープライズアーキテクチャにおいて、テクノロジアーキテクチャで作成する成果物はどれか。,エンタープライズアーキテクチャ(EA:Enterprise Architecture)は、社会環境や情報技術の変化に素早く対応できるよう 「全体最適」の観点から業務やシステムを改善するフレームワークです。EAでは、モデリングにより業務とシステムの現状（As-Is）とあるべき姿 （To-Be）を整理し、あるべき姿（To-Be）の実現を目指して業務およびシステムの改善を図ります。,機能構成図(DMM)、機能情報関連図(DFD),実体関連ダイアグラム(ERD)、データ定義表,情報システム関連図、情報システム機能構成図,ネットワーク構成図、ソフトウェア構成図,D
00010027,0027,0001,ストラテジ系,"""システム管理基準"" によれば、情報化投資計画を策定する段階はどれか。",システム管理基準は、組織体が主体的に経営戦略に沿って効果的な情報システム戦略を立案し、その戦略に基づき情報システムの企画・開発・運用・保守というライフサイクルの中で、効果的な情報システム投資のための、またリスクを低減するためのコントロールを適切に整備・運用するための実践規範となるものです。,運用業務,開発業務,企画業務,情報戦略,D
00010028,0028,0001,ストラテジ系,エンタープライズアーキテクチャ(EA)を説明したものはどれか。,エンタープライズアーキテクチャ(EA:Enterprise Architecture)は、社会環境や情報技術の変化に素早く対応できるよう 「全体最適」の観点から業務やシステムを改善するフレームワークです。エンタープライズアーキテクチャでは、モデリングにより業務とシステムの現状（As-Is）とあるべき姿 （To-Be）を整理し、あるべき姿（To-Be）の実現を目指して業務およびシステムの改善を図ります。,エンタープライズアーキテクチャ(EA:Enterprise Architecture)は、社会環境や情報技術の変化に素早く対応できるよう 「全体最適」の観点から業務やシステムを改善するフレームワークです。エンタープライズアーキテクチャでは、モデリングにより業務とシステムの現状（As-Is）とあるべき姿 （To-Be）を整理し、あるべき姿（To-Be）の実現を目指して業務およびシステムの改善を図ります。,概念データモデルを、エンティティ、リレーションシップで表現することで、データ構造やデータ項目間の関係を明らかにするための技法である。,各業務と情報システムを、政策・業務体系、データ体系、適用処理体系、技術体系の四つの体系で分析し、全体最適化の観点から見直すための技法である。,企業のビジネスプロセスを、データフロー、プロセス、ファイル、データ源泉／データ吸収の四つの基本要素で抽象化して表現するための技法である。,C
00010029,0029,0001,ストラテジ系,情報システムの全体計画立案時に策定される業務モデルはどれか。,システムをモデル化するには、「現物理モデル→現論理モデル→新論理モデル→新物理モデル」の順でDFDを用いて業務のモデル化を進めます。,基幹系の機能とそれに必要なデータ項目を定義する。,既存の情報システムとデータベースの関係を定義する。,組織の機能と帳票とを関連付ける。,ビジネスプロセスとデータクラスを関連付ける。,D
00010030,0030,0001,ストラテジ系,ERPを説明したものはどれか。,ERP(EnterPrise Resource Planning)は、企業資源計画とも呼ばれ、企業全体の経営資源を有効かつ総合的に計画・管理し、経営の効率化を図るための手法です。これを実現するための統合型（業務横断型）ソフトウェアを「ERPパッケージ」と呼びます。,営業活動にITを活用して営業の効率と品質を高め、売上・利益の大幅な増加や、顧客満足度の向上を目指す手法・概念である。,卸売業・メーカが小売店の経営活動を支援することによって、自社との取引量の拡大につなげる手法・概念である。,企業全体の経営資源を有効かつ総合的に計画して管理し、経営の効率向上を図るための手法・概念である。,消費者向けや企業間の商取引を、インターネットなどの電子的なネットワークを活用して行う手法・概念である。,C
00010031,0031,0001,ストラテジ系,企業経営において、ステークホルダを重視する目的はどれか。,解説なし,企業存続の危機につながりかねない、経営者や従業員による不祥事の発生を抑制する。,競合他社に対する差別化の源泉となる経営資源を保有し、競争力を強化する。,経営者の権力行使をけん制し、健全な経営を行うことができる仕組みを作る。,顧客、株主、従業員などの利害関係者の満足度を向上させ、企業の継続した発展を図る。,D
00010032,0032,0001,ストラテジ系,企業活動におけるBPM(Business Process Management)の目的はどれか。,BPM(Business Process Management)は、BPR(Business Process Reengineering)のように一回限りの革命的な変化でなく、組織が繰り返し行う日々の業務のなかで継続的にビジネスプロセスの発展を目指していくための技術・手法のことです。BPMを迅速かつ安価に実現するためのITシステムをBPMシステムといいます。,業務プロセスの継続的な改善,経営資源の有効活用,顧客情報の管理、分析,情報資源の分析、有効活用,A
00010033,0033,0001,ストラテジ系,業務プロセスを可視化する手法としてUMLを採用した場合の活用シーンはどれか。,UML(Unified Modeling Language)は、オブジェクト指向開発で用いられる標準表記法群で、オブジェクト間の関連や動作・構成を表現する13種の図表から構成されています。UML2.0の13の図法は表現する対象によって構造図、振る舞い図に分類することができます。,対象をエンティティとその属性及びエンティティ間の関連で捉え、データ中心アプローチの表現によって図に示す。,データの流れによってプロセスを表現するために、データの発生、吸収の場所、蓄積場所、データの処理をデータの流れを示す矢印でつないで表現する。,複数の観点でプロセスを表現するために、目的に応じたモデル図法を使用し、オブジェクトモデリングのために標準化された記述ルールで表現する。,プロセスの機能を網羅的に表現するために、一つの要件に対し発生する事象を条件分岐の形式で記述する。,C
00010034,0034,0001,テクノロジ系,新システムの構築において、システムテスト工程で実施するテストはどれか。,負荷テストは、システムに想定される程度、またはそれ以上の負荷を短時間かけて正常に動作するかを検証するテストです。システムを高負荷状態で動作させることで、不具合を起こす可能性が非常に低い不良などの低負荷状態での検出が困難なリスク要因を発見することを目的として実施します。,負荷テスト,モジュール間のインタフェーステスト,モジュール仕様書に基づいた動作確認テスト,レグレッションテスト,A
00010035,0035,0001,テクノロジ系,様式が複数ある伝票から、様式ごとに定められた項目のデータを入力する。入力漏れがないことを確認するためにプログラムで最初に実行すべき処理として、適切なものはどれか。,解説なし,伝票の様式ごとに定められた項目数と入力された項目数を比較する。,伝票の様式を示すコードを使って、入力された項目のデータ形式を検査する。,入力された項目の内容が、伝票の様式で指定されたデータ形式と一致していることを確認する。,マスタファイルと突き合わせて、入力された項目の内容が正しいことを確認する。,A
00010036,0036,0001,テクノロジ系,データ構造に関する記述のうち、適切なものはどれか。,解説なし,2分木は、データ間の関係を階層的に表現する木構造の一種であり、すべての節が二つの子をもつデータ構造である。,スタックは、最初に格納したデータを最初に取り出す先入れ先出しのデータ構造である。,線形リストは、データ部と次のデータの格納先を指すポインタ部から構成されるデータ構造である。,配列は、ポインタの付替えだけでデータの挿入・削除ができるデータ構造である。,C
00010037,0037,0001,テクノロジ系,SMTPの説明として、適切なものはどれか。,SMTP(Simple Mail Transfer Protocol)は、インターネット環境において、クライアントからサーバにメールを送信したり、サーバ間でメールを転送するのに用いられるプロトコルです。,Webサーバに格納されている情報をアクセスするためのプロトコルである。,電子化された文字、図形、イメージが混在した文書の作成や編集を行うシステムである。,電子メールを転送するためのプロトコルである。,文書の構造表現が可能な文書記述用言語の一つである。,C
00010038,0038,0001,テクノロジ系,ネットワーク障害の原因を調べるために使用するLANアナライザの運用上の注意点はどれか。,LANアナライザは、LAN上を通過するパケットを監視したり記録するためのハードウェアまたはソフトウェアのことです。LANアナライザが悪用されると盗聴などの被害をもたらす危険があるので慎重な管理が求められます。,LANアナライザにはネットワークを通過するパケットを表示できるものがあるので、盗聴などに悪用されないように注意する必要がある。,障害発生に備えて、ネットワーク利用者にLANアナライザの保管場所と使用方法を周知しておく必要がある。,測定中は、本来通信すべきあて先のパケットを破棄してしまうので、測定対象外のコンピュータ利用を制限しておく必要がある。,測定に当たって、LANケーブルを一時的に切断する必要があるので、利用者に対して測定日を事前に知らせておく必要がある。,A
00010039,0039,0001,テクノロジ系,データモデルにおいて、データの関係を木構造で表すものはどれか。,データモデルにおいて、データの関係を木構造で表すものは「階層モデル」である。,E-Rモデル,階層モデル,関係モデル,ネットワークモデル,B
00010040,0040,0001,テクノロジ系,ブラックボックステストに関する記述として、適切なものはどれか。,ブラックボックステストは、システムへの入力とそれに対して得られる出力だけに着目して、様々な入力に対して仕様書どおりの出力が得られるかどうかを検証していくテストで、手法としては「同値分割」「限界値分析」「原因－結果グラフ」「エラー推測」などがあります。システムの内部構造が明らかでない状態で検証を行うのでブラックボックステストと呼ばれています。,テストデータの作成基準として、テストケースの網羅率を使用する。,被テストプログラムに冗長なコードがあっても検出できない。,プログラムの内部構造に着目し、必要な部分が実行されたかどうかを検証する。,分岐命令やモジュールの数が増えると、テストデータが急増する。,B
00010041,0041,0001,テクノロジ系,プログラムを主記憶に読み込んでおき、CPUが順次読み出し実行する方式はどれか。,プログラム記憶方式(プログラム内蔵方式)は、処理するプログラムを外部から主記憶装置に格納しておいて、CPUがそれを読込みながら処理を行うコンピュータアーキテクチャの方式の1つです。ジョン・フォン・ノイマンによって考案、1945年に提唱されたので「ノイマン型アーキテクチャ」とも呼ばれ、現在に至るまでのコンピュータに採用されています。,アドレス方式,仮想記憶方式,直接プログラム制御方式,プログラム記憶方式,D
00010042,0042,0001,テクノロジ系,2分探索に関する記述のうち、適切なものはどれか。,2分探索法では目的とする値が与えられると、まず探索範囲の中央に位置する値と目的値を比較します。そして目的値の方が小さければ中央から探索範囲の最後までを、目的値の方が大きければ探索範囲の最初から中央まで探索範囲から除外して、探索範囲を1／2にします。そして再度、新たな探索範囲の中央値と目的値を比較して探索範囲を半分にする、というように同じ操作を再帰的に繰り返します。,2分探索するデータ列は整列されている必要がある。,2分探索は線形探索より常に速く探索できる。,2分探索は探索をデータ列の先頭から開始する。,n個のデータの探索に要する比較回数は、nlog2nに比例する。,A
00010043,0043,0001,テクノロジ系,仮想記憶機能をもつパソコンで表計算ソフトを使用中にワープロソフトを起動しようとしたところ、メモリ不足が原因で起動できなかった。根本的な解決策はメモリ増設であるが、それまでの対応として、有効な手段はどれか。,OSは起動するプログラムを主記憶の領域に展開(ロード)します。ワープロソフトが起動できなかったのは、プログラムのロードに必要な空き領域が不足していたためです。仮想記憶の容量を増やせば、主記憶として使用できる領域が増大するためワープロソフトをメモリ領域にロードできるようになります。,仮想記憶の大きさの設定値を増やす。,磁気ディスク上の不要なファイルを消去する。,接続してある周辺装置を外す。,ワークシート中の未使用の列は、表示しないようにする。,A
00010044,0044,0001,テクノロジ系,Webサーバにおいて、クライアントからの要求に応じてアプリケーションプログラムを実行して、その結果をブラウザに返すなどのインタラクティブなページを実現するために、Webサーバと外部プログラムを連携させる仕組みはどれか。,Common Gateway Interfaceの略で、ユーザの入力した情報によって表示するWebページを変化させるなど、動的なWebページを作成するための仕組みです。CGIはどのプログラム言語を用いても作成できますが、実際にはPHPやPerlが多用されているようです。,CGI,HTML,MIME,URL,A
00010045,0045,0001,テクノロジ系,UML(Unified Modeling Language)が定義する図のうち、オブジェクト間の相互作用を表現するためのものはどれか。,UML(Unified Modeling Language)は、オブジェクト指向開発で用いられる標準表記法群で、オブジェクト間の関連や動作・構成を表現する13種の図表から構成されています。シーケンス図は、オブジェクト間のメッセージのやり取りなどのオブジェクトの振る舞いを時系列に表す図です。,オブジェクト図,クラス図,コンポーネント図,シーケンス図,D
00010046,0046,0001,テクノロジ系,コンピュータシステムにおけるジョブスケジューリングの特徴のうち、適切なものはどれか。,解説なし,CPUに割り当てるジョブをOSが強制的に切り替えるタイムスライス方式では、タイマ割込みが多発するので、スループットが低下する。,FCFS(first-come first-served)方式のジョブスケジューリングは、ジョブ間にCPUを公平に割り当てるので、スループットや応答時間の保証が可能となる。,対話型処理とバッチ処理が混在するシステムでは、対話型処理の優先度を高くすることによって、対話型処理の応答性能の向上が期待できる。,入出力を多用するジョブよりもCPUを多用するジョブの処理優先度を上げた方が、CPUの待ち時間が少なくなるので、全体のスループットの向上が期待できる。,C
00010047,0047,0001,テクノロジ系,分散データベースシステムにおいて、一連のトランザクション処理を行う複数サイトに更新可能かどうかを問い合わせ、すべてのサイトが更新可能であることを確認した後、データベースの更新処理を行う方式はどれか。,2相コミットは、トランザクションを、他のサイトに更新可能かどうかを確認する第1フェーズと、更新を確定する第2フェーズに分け、各サイトのトランザクションをコミットもロールバックも可能な中間状態(セキュア状態)にした後、全サイトがコミットできる場合だけトランザクションをコミットするという方法で分散データベース環境でのトランザクションの原子性・一貫性を保証する手法です。,2相コミット,排他制御,ロールバック,ロールフォワード,A
00010048,0048,0001,テクノロジ系,CSMA/CD方式による10Mビット／秒のLANの特徴として、適切なものはどれか。,CSMA/CD方式は、Carrier Sense Multiple Access with Collision Detectionの略で、日本語に訳すと「搬送波感知多重アクセス／衝突検出方式」となります。一本の同軸ケーブルに複数のコンピュータが接続されているバス型のトポロジを前提としており、次のような手順で送信制御が行われます。,送信フレームの衝突が生じたときは、送信端末は送出を中断し、乱数に従った待ち時間の後に再送する。,多数の端末が同時にデータを送出する場合は、伝送路が時分割多重化されるので、10Mビット／秒の伝送速度は保証されない。,端末がデータの送信権を確保するためには、トークンを獲得する必要がある。,端末ごとにタイムスロットが決められるので、必ずそのタイミングでデータを送信する必要がある。,A
00010049,0049,0001,テクノロジ系,浮動小数点表示された数値の演算結果における丸め誤差の説明はどれか。,解説なし,演算結果がコンピュータの扱える最大値を超えることによって生じる誤差である。,数表現のけた数に限度があるので、最下位けたより小さい部分について四捨五入や切上げ、切捨てを行うことによって生じる誤差である。,乗除算において、指数部が小さい方の数値の仮数部の下位部分が失われることによって生じる誤差である。,絶対値がほぼ等しい数値の加減算において、上位の有効数字が失われることによって生じる誤差である。,B
00010050,0050,0001,テクノロジ系,システム障害の監視対象に関する記述のうち、最も適切なものはどれか。,解説なし,監視ソフトウェアで監視できない項目は、すべて人間が監視する必要がある。,監視ソフトウェアは、システムコンソールに表示されるメッセージを監視している。,システムオペレータは、業務処理の遅延もシステム障害の原因となりうるので、監視の対象とする。,システムオペレータは、障害が発生する可能性のあるすべての対象を常時監視する。,C
00010051,0051,0001,テクノロジ系,レーザプリンタの性能を表す指標として、最も適切なものはどれか。,解説なし,1インチ(2.54cm)当たりのドット数と1分間に印刷できるページ数,1文字を印字するのに使われる縦横のドット数と1秒間に印字できる文字数,印字する行の間隔と1秒間に印字できる行数,印字する文字の種類と1秒間に印字できる文字数,A
00010052,0052,0001,テクノロジ系,関係演算の射影の説明として、適切なものはどれか。,関係データベースに対する基本的な演算に「選択」「射影」「結合」があります。選択：表から選択した行(レコード/タプル)を取り出す操作。射影：表から選択した列(属性)を取り出す操作。結合：2つの表がもつ共通の属性で表を繋ぎ、新しい表を作りだす操作。,表の中から与えられた条件を満足するタプルを選んで、新しい表を作る。,表の中から指定された属性だけを抜き出して、新しい表を作る。,二つの表に共通に存在するタプルを抜き出して、新しい表を作る。,二つの表のタプルから条件に合致したタプル同士を結合して、新しい表を作る。,B
00010053,0053,0001,テクノロジ系,あるコンピュータ上で、異なる命令形式をもつ別のコンピュータで実行できる目的プログラムを生成する言語処理プログラムはどれか。,クロスコンパイラは、高等言語で作成したソースコードを解釈し、 異なる命令形式をもつ別のコンピュータで実行可能な機械語のプログラムを 生成するソフトウェアである。最適化コンパイラは、プログラム中の冗長な部分をコンパイル時に直して、 実行速度を速くするコンパイラである。,エミュレータ,クロスコンパイラ,最適化コンパイラ,ジェネレータ,B
00010054,0054,0001,テクノロジ系,データ構造に関する記述のうち、適切なものはどれか。,解説なし,2分木は、データ間の関係を階層的に表現する木構造の一種であり、すべての節が二つの子をもつデータ構造である。,スタックは、最初に格納したデータを最初に取り出す先入れ先出しのデータ構造である。,線形リストは、データ部と次のデータの格納先を指すポインタ部から構成されるデータ構造である。,配列は、ポインタの付替えだけでデータの挿入・削除ができるデータ構造である。,C
00010055,0055,0001,テクノロジ系,次の10進小数のうち、8進数に変換したときに有限小数になるものはどれか。,2進数の0.1を10進数で表現すると1／2になるように、8進数の0.1を10進数で表現すると1／8になります。1／8は10進小数で0.125なので、選択肢中0.125で割り切れる「0.5」だけが8進数に変換したときに有限小数になることになります。,0.3,0.4,0.5,0.8,C
00010056,0056,0001,テクノロジ系,電子メールを暗号化することによる効果はどれか。,メール送信プロトコルであるSMTPは、電子メールを平文のまま送信するので、通信経路上で盗聴されると内容が第三者に漏えいしてしまいます。S/MIMEなどの機能で電子メールを暗号化することで通信経路上での漏えいを防止することができます。,暗号化かぎの紛失を防止できる。,電子メールの内容の漏えいを防止できる。,メールサーバの送信記録を改ざんから保護できる。,メールサービスの妨害攻撃を防止できる。,B
00010057,0057,0001,テクノロジ系,データ構造の一つであるリストは、配列を用いて実現する場合と、ポインタを用いて実現する場合とがある。配列を用いて実現する場合の特徴はどれか。 ここで、配列を用いたリストは、配列に要素を連続して格納することによって構成し、ポインタを用いたリストは、要素から次の要素へポインタで連結することによって構成するものとする。,配列を用いたリストでは、位置を指定して、任意のデータに直接アクセスすることができる。,位置を指定して、任意のデータに直接アクセスすることができる。,並んでいるデータの先頭に任意のデータを効率的に挿入することができる。,任意のデータの参照は効率的ではないが、削除や挿入の操作を効率的に行える。,任意のデータを別の位置に移動する場合、隣接するデータを移動せずにできる。,A
00010058,0058,0001,テクノロジ系,顧客番号をキーとして顧客データを検索する場合、２分検索を使用するのが適しているものはどれか。,２分探索は、整列されているデータの全体の要素を半分に分け、探索するキーが 入っている可能性のある半分について探索を行う。,顧客番号から求めたハッシュ値が指し示す位置に配置されているデータ構造,顧客番号に関係なく、ランダムに配置されているデータ構造,顧客番号の昇順に配置されているデータ構造,顧客番号をセルに格納し、セルのアドレス順に配置されているデータ構造,C
00010059,0059,0001,テクノロジ系,USB 3.0 の説明として、適切なものはどれか。,A：ギガビット・イーサネットの説明である¥rB：シリアル ATA の説明である¥rC：IEEE 1394 の説明である。,１クロックで２ビットの情報を伝送する４対の信号線を使用し、最大 1G ビット／秒のスループットをもつインタフェースである。,PC と周辺機器とを接続する ATA 仕様をシリアル化したものである。,音声、映像などに適したアイソクロナス転送を採用しており、ブロードキャスト転送モードをもつシリアルインタフェースである。,スーパースピードと呼ばれる 5G ビット／秒のデータ転送モードをもつシリアルインタフェースである。,D
00010060,0060,0001,テクノロジ系,4T バイトのデータを格納できるように RAID1 の外部記憶装置を構成するとき、フォーマット後の記憶容量が 1T バイトの磁気記憶装置は少なくとも何台必要か。,RAID（Redundant Arrays of Inexpensive Disks）は、複数のハードディスクを並列に連結し、 全体を１つの ディスク装置としてアクセスする方式である。信頼性が向上し、データを分散して記録することによって同時に読み取ることができるので高速化できる。RAID1 の外部記憶装置は、２台のディスクに同じデータを記録する方式（ミラーリング）である。 データの安全性が高まるがディスクが２倍必要になる。 よって、4T バイトのデータを 1T バイトの磁気記憶装置に入れると８台必要になる。,4,5,6,8,D
00010061,0061,0001,テクノロジ系,システムの性能を向上させるために、スケールアウトが適しているシステムはどれか。,スケールアウトとは、システムのパフォーマンスを向上させるためにサーバの台数を増やし、 分散処理を行うことによって、システム全体の処理能力を高める方法である。,一連の大きな処理を一括して実行しなければならないので、並列処理が困難な処理が中心のシステム,参照系のトランザクションが多いので、複数のサーバで分散処理を行っているシステム,データを追加するトランザクションが多いので、データの整合性を取るためのオーバヘッドを小さくしなければならないシステム,同一のマスタデータベースがシステム内に複数配置されているので、マスタを更新する際にはデータベース間で整合性を保持しなければならないシステム,B
00010062,0062,0001,テクノロジ系,ベンチマークテストの説明として、適切なものはどれか。,ベンチマークとは、ベンチマーク用の標準的なプログラムを実行したときの性能の指標である。 ベンチマークを行うためのプログラムをベンチマークプログラムとよぶ。,監視・計測用のプログラムによってシステムの稼働状態や資源の状況を測定し、システム構成や応答性能のデータを得る。,使用目的に合わせて選定した標準的なプログラムを実行させ、システムの処理性能を測定する。,将来の予測を含めて評価する場合などに、モデルを作成して模擬的に実験するプログラムでシステムの性能を評価する。,プログラムを実際には実行せずに、机上でシステムの処理を解析して、個々の命令の出現回数や実行回数の予測値から処理時間を推定し、性能を評価する。,B
00010063,0063,0001,テクノロジ系,UMLのダイアグラムのうち、インスタンス間の関係を表現するものはどれか。,解説なし,アクティビティ図,オブジェクト図,コンポーネント図,ユースケース図,B
00010064,0064,0001,テクノロジ系,システムの外部設計を完了させるとき、承認を受けるものとして、適切なものはどれか。,外部設計は、ユーザの立場からみた業務機能を中心に設計を行うことが目的で、この作業工程ではサブシステムの定義と機能分割、論理データモデル設計、画面・帳票・コードの設計などが実施されます。内部設計では、外部設計の要件をコンピュータまたはシステム上でいかに効率よく動作させるかというシステム開発側の視点で設計が行われ、さらに次のプログラム設計ではプログラム内部構造の詳細設計が行われます。,画面レイアウト,システム開発計画,物理データベース仕様,プログラム流れ図,A
00010065,0065,0001,テクノロジ系,E-R図で表せるものはどれか。,E-R図(Entity-Relationship Model)は、データベース化の対象となる実体(エンティティ)と実体の持つ属性（アトリビュート)、および実体間の関連（リレーションシップ）を表現する図です。任意のオブジェクトをその関連をデータモデル化できますが、特に関係データベースの設計によく利用されています。,エンティティ間の関連,エンティティの型とインスタンスの関連,データとプロセスの関連,プロセス間の関連,A
00010066,0066,0001,マネジメント系,ソフトウェア開発においてWBS(Work Breakdown Structure)を使う目的として、適切なものはどれか。,WBS(Work Breakdown Structure)は、プロジェクト目標を達成し、必要な成果物を過不足なく作成するために、プロジェクトチームが実行すべき作業を、成果物を主体に階層的に要素分解したものです。分解後の最下層に位置する作業単位ごとに内容・日程・目標を設定し、プロジェクト実行中も作業単位ごとに計画と実績の差異を確認することで、進捗管理を効率的に行える利点があります。,開発コストを見積もり、それを重点的に管理する。,クリティカルパスを早期に発見して、それを重点的に管理する。,作業をトップダウン方式で細かく分割して、作業管理をしやすくする。,利用可能な資源を考慮した作業スケジュールを作成する。,C
00010067,0067,0001,マネジメント系,システム開発の見積方法の一つであるファンクションポイント法の説明として、適切なものはどれか。,ファンクションポイント法は、ソフトウェアの見積りにおいて、外部入出力や内部ファイルの数と難易度の高さから論理的にファンクションポイントを算出し、開発規模を見積もる手法です。,開発規模が分かっていることを前提として、工数と工期を見積もる方法である。ビジネス分野に限らず、全分野に適用可能である。,過去に経験した類似のシステムについてのデータを基にして、システムの相違点を調べ、同じ部分については過去のデータを使い、異なった部分は経験から規模と工数を見積もる方法である。,システムの機能を入出力データ数やファイル数などによって定量的に評価し、複雑さとアプリケーションの特性による調整を行って、システム規模を見積もる方法である。,単位作業量の基準値を決めておき、作業項目を単位作業項目まで分解し、その積算で全体の作業量を見積もる方法である。,C
00010068,0068,0001,マネジメント系,プロジェクトマネジメントのプロセスのうち、計画プロセスグループ内で実施するプロセスはどれか。,正しい。,スコープの定義,ステークホルダの特定,品質保証の実施,プロジェクト憲章の作成,A
00010069,0069,0001,マネジメント系,プロジェクトのスケジュールを短縮するために、アクティビティに割り当てる資源を増やして、 アクティビティの所要期間を短縮する技法はどれか。,クラッシングとは、プロジェクトの工期を短縮する手法の一つで、 プロジェクトの範囲を変更せずに資源（人員、資金）を追加投入することでプロジェクト全体の スケジュールを短縮させる方法である。 “クラッシング”を行う際に、優先的に資源を投入すべきことは、 クリティカルパス上のスケジュールアクティビティである。,クラッシング,クリティカルチェーン法,ファストトラッキング,モンテカルロ法,A
00010070,0070,0001,マネジメント系,ファンクションポイント法でシステムの開発規模を見積もる際に必要となる情報はどれか。,ファンクションポイント法は、外部入出力、内部論理ファイル、照会、インタフェースなどの機能を ポイント数として数値化し、そのポイント数の合計によって、ソフトウェアの開発規模を見積る方法である。,開発者数,画面数,プログラムステップ数,利用者数,B
00010071,0071,0001,マネジメント系,システムの開発部門と運用部門が別々に組織化されているとき、システム開発を伴う 新規サービスの設計及び移行を円滑かつ効果的に進めるための方法のうち、適切なものはどれか。,システム開発とシステム運用で部門が個々に組織されている場合、運用開始後は全て運用部門で 業務を行うことになる。そのため、運用開始前にシステム仕様・業務運用方法の引継ぎを行うこと、 また運用部門の人間がシステム開発に関わることが重要になってくる。 部門間の連携が密になることにより、より円滑に業務移行を行うことが可能となる。 よって、正解は「C」である。,運用テストの完了後に、開発部門がシステム仕様と運用方法を運用部門に説明する。,運用テストは、開発部門の支援を受けずに、運用部門だけで実施する。,開発部門からもシステムの運用に関わる要件の抽出に積極的に参加する。,開発部門は運用テストを実施して、運用マニュアルを作成し、運用部門に引き渡す。,D
00010072,0072,0001,マネジメント系,IT サービスマネジメントの活動のうち、インシデント及びサービス要求管理として行うものはどれか。,インシデントとは IT サービスの中断（事故）を意味する。インシデント管理は、事故の発生から対策、解決までを管理し、迅速なサービスの 復旧を行い、企業が行う事業活動への影響を最小限に抑える事を目的としている。,サービスデスクに対する顧客満足度が合意したサービス目標を満たしているかどうかを評価し、改善の機会を特定するためにレビューする,ディスクの空き容量がしきい値に近づいたので、対策を検討する。,プログラムを変更した場合の影響度を調査する。,利用者からの障害報告に対し、既知の誤りに該当するかどうかを照合する。,D
00010073,0073,0001,マネジメント系,システム監査人が、監査報告書の原案について被監査部門と意見交換を行う目的として、最も適切なものはどれか。,システム監査人が、監査報告書に記載する指摘事項及び改善勧告に関して、事実誤認がないことを確認するために被監査部門や関係部門との意見交換を行う。意見交換を行う目的は、誤認の排除で被監査部門や関係部門の意見を考慮して、監査報告を作成する必要はない,監査依頼者に監査報告書を提出する前に、被監査部門に監査報告を行うため,監査報告書に記載する改善勧告について、被監査部門の責任者の承認を受けるため,監査報告書に記載する指摘事項及び改善勧告について、事実誤認がないことを確認するため,監査報告書の記載内容に関して調査が不足している事項を被監査部門に口頭で確認することによって、不足事項の追加調査に代えるため,C
00010074,0074,0001,マネジメント系,システムに関わるドキュメントが漏えい、改ざん、不正使用されるリスクに対するコントロールを監査する際のチェックポイントはどれか。,システムに関わるドキュメントの漏えいや改ざん、不正利用を防止するためには、機密性が高いことが望ましい。,システムの変更に伴い、ドキュメントを遅滞なく更新していること,ドキュメントの機密性を確保するための対策を講じていること,ドキュメントの標準化を行っていること,プロトタイプ型開発においても、必要なドキュメントを作成していること,B
00010075,0075,0001,マネジメント系,"システム開発の進捗管理やソフトウェアの品質管理などで用いられるPDCAサイクルの""P""、""D""、""C""、""A""は、それぞれ英単語の頭文字をとったものである。3番目の文字""C""が表す単語はどれか。",PDCAは、Plan・Do・Check・Actionの各フェーズの略で、この一連の流れを繰り返すことでシステムの維持・改善に努める管理サイクルのことです。,Challenge,Change,Check,Control,C
00010076,0076,0001,マネジメント系,プロジェクトの特性はどれか。,プロジェクトとは、特定の目的や(大きな)目標を達成するために実行される定常業務ではない一度限りの活動や計画をいいます。またPMBOKの定義では「プロジェクトとは、独自の製品、サービス、所産を創造するために実施される有期性の業務である。」とされています,独自性はあるが、有期性がない。,独自性はないが、有期性がある。,独自性も有期性もある。,独自性も有期性もない。,C
00010077,0077,0001,マネジメント系,プロジェクトマネジメントのプロセスのうち、計画プロセスグループ内で実施するプロセスはどれか。,PMBOKではプロジェクトマネジメントのプロセスは、「立ち上げ」「計画」「実行」「監視・コントロール」「終結」の5つのプロセスグループで構成され、各プロセスは10つの知識エリア(サブジェクトグループ)※に分類されています。,スコープの定義,ステークホルダの特定,品質保証の実施,プロジェクト憲章の作成,A
00010078,0078,0001,マネジメント系,ファンクションポイント法の説明はどれか。,ファンクションポイント法は、ソフトウェアに含まれる機能とその複雑さを基準に論理的に開発工数を見積もる方法です。ここでいうシステムの機能とは、外部入出力、ファイル、外部インターフェイスなどのことで、これらの数と複雑さ・難度などの因子をもとにファンクションポイント数を算出し、それを基にして開発工数を見積ります。,開発するプログラムごとのステップ数を積算し、開発規模を見積もる。,開発プロジェクトで必要な作業のWBSを作成し、各作業の工数を見積もる。,外部入出力や内部論理ファイル、外部照会、外部インタフェースなどの個数や特性などから開発規模を見積もる。,システム開発の見積方法の一つであるファンクションポイント法の説明として、適切なものはどれか。,C
00010079,0079,0001,マネジメント系,システム開発の見積方法の一つであるファンクションポイント法の説明として、適切なものはどれか。,ファンクションポイント法は、外部入出力や内部ファイルの数と難易度の高さから、ファンクションポイントという数値を算出し、それを元に論理的に開発規模を見積もる手法です。画面や帳票の数などを基準に見積もるので、依頼者からのコンセンサス(合意)が得られやすいという長所があります。,開発規模が分かっていることを前提として、工数と工期を見積もる方法である。ビジネス分野に限らず、全分野に適用可能である。,過去に経験した類似のシステムについてのデータを基にして、システムの相違点を調べ、同じ部分については過去のデータを使い、異なった部分は経験から規模と工数を見積もる方法である。,システムの機能を入出力データ数やファイル数などによって定量的に計測し、複雑さとアプリケーションの特性による調整を行って、システム規模を見積もる方法である。,単位作業量の基準値を決めておき、作業項目を単位作業項目まで分解し、その積算で全体の作業量を見積もる方法である。,C
00010080,0080,0001,マネジメント系,ファンクションポイント法で、システムの開発規模を見積もるときに際に必要となる情報はどれか。,ファンクションポイント法は、ソフトウェアの見積りにおいて、外部入出力や内部ファイルの数と難易度の高さから論理的にファンクションポイントを算出し、開発規模を見積もる手法です。画面や帳票の数などを基準に見積もるので、依頼者からのコンセンサス(合意)が得られやすいという長所があります。つまりファンクションポイント法における見積りの単位として適切なのは「画面数」になります。,開発者数,画面数,プログラムステップ数,利用者数,B
00010081,0081,0001,マネジメント系,システム開発の見積方法の一つであるファンクションポイント法の説明として、適切なものはどれか。,ファンクションポイント法は、ソフトウェアの見積りにおいて、外部入出力や内部ファイルの数と難易度の高さから論理的にファンクションポイントを算出し、開発規模・開発工数を見積もる手法です。,開発規模が分かっていることを前提として、工数と工期を見積もる方法である。ビジネス分野に限らず、全分野に適用可能である。,過去に経験した類似のシステムについてのデータを基にして、システムの相違点を調べ、同じ部分については過去のデータを使い、異なった部分は経験から規模と工数を見積もる方法である。,システムの機能を入出力データ数やファイル数などによって定量的に計測し、複雑さとアプリケーションの特性による調整を行って、システム規模を見積もる方法である。,単位作業量の基準値を決めておき、作業項目を単位作業項目まで分解し、その積算で全体の作業量を見積もる方法である。,C
00010082,0082,0001,マネジメント系,プロジェクトのリスクに対応する戦略として、損害発生時のリスクに備え、損害賠償保険に加入することにした。PMBOKによれば、該当する戦略はどれか。,PMBOKにおいて、プロジェクトにマイナスの影響を与えるリスク(脅威)への対応戦略には「回避」「転嫁」「軽減」「受容」があります。,回避,軽減,受容,転嫁,D
00010083,0083,0001,マネジメント系,PMBOKによれば、プロジェクトのリスクマネジメントにおいて、脅威に対して適用できる対応戦略と好機に対して適用できる対応戦略がある。脅威に対して適用できる対応戦略はどれか。,PMBOKによればプロジェクトにマイナスの影響を与えるリスク(脅威)への対応戦略には「回避」「転嫁」「軽減」「受容」の4種類があります。,活用,強化,共有,受容,D
00010084,0084,0001,マネジメント系,ウォータフォール型のソフトウェア開発において、運用テストで発見された誤りの修復に要するコストに関する記述のうち、適切なものはどれか。,ウォータフォールモデルは、開発プロジェクトを時系列に、「要求定義」「外部設計（概要設計）」「内部設計（詳細設計）」「開発（プログラミング）」「テスト」「運用」などの作業工程（局面、フェーズ）に分割し、原則として前工程が完了しないと次工程に進まない（設計中にプログラミングを開始するなどの並行作業は行わない）事で、前工程の成果物の品質を確保し、前工程への後戻り（手戻り）を最小限にする開発モデルです。,外部設計の誤りは、プログラムだけでなく、マニュアルなどにも影響を与えるので、コーディングの誤りに比べて修復コストは高い。,コーディングの誤りは、修復のための作業範囲がその後の全工程に及ぶので、要求定義の誤りに比べて修復コストは高い。,テストケースの誤りは、テストケースの修正とテストのやり直しだけでは済まないので、外部設計の誤りに比べて修復コストは高い。,内部設計の誤りは、設計レビューによってほとんど除去できるので、もし発見されでも、コーディングの誤りに比べて修復コストは安い。,A
00010085,0085,0001,マネジメント系,リスク識別に使用する技法の一つであるデルファイ法の説明はどれか。,解説なし,確率分布を使用したシミュレーションを行う。,過去の情報や知識を基にして、あらかじめ想定されるリスクをチェックリストにまとめておき、チェックリストと照らし合わせることでリスクを識別する。,何人かが集まって、他人のアイディアを批判することなく、自由に多くのアイディアを出し合う。,複数の専門家から得られた匿名の見解を要約して、再配布することを何度か繰り返して収束される。,D
00010086,0086,0001,マネジメント系,リスク分析に関する記述のうち、適切なものはどれか。,リスク分析では、洗い出されたリスクが顕在化する可能性と、損害を受ける情報資産の重要度などから各リスクの大きさ（危険度）を評価します。危険度の高いリスクには積極的に経営資源を投入し、危険度の低いリスクにはあまり経営資源を投入しないなど、メリハリのある対策を行うことで効率的なリスク管理を行うことができます。,考えられるすべてのリスクに対処することは、時間と費用がかかりすぎるので、損失額と発生確率を予測し、リスクの大きさに従って優先順位を付けるべきである。,リスク分析によって評価されたリスクに対し、すべての対策が完了しないうちに、繰り返しリスク分析を実施することは避けるべきである。,リスク分析は、将来の損失を防ぐことが目的であるから、過去の類似プロジェクトで蓄積されたデータを参照することは避けるべきである。,リスク分析は、リスクの発生による損失額を知ることが目的であり、その損失額に応じて対策の費用を決定すべきである。,A
00010087,0087,0001,マネジメント系,システム開発プロジェクトにおける、ソフトウェア品質の管理指標の一つとして、最も適切なものはどれか。,レビューは工程ごとに文書やプログラムなどの成果物に誤りが無いかを確認・検証する作業です。レビューの実施により潜在的なバグが取り除かれる確率が高まるので、レビュー時間が長いほど最終的な品質も高くなると言えます。,WBSを構成するワークパッケージの完了数,個人別のプログラミングの生産性,成果物ごとのレビュー時間,プログラムのバージョン,C
00010088,0088,0001,マネジメント系,生産物の品質を時系列に表し、生産工程が管理限界内で安定した状態にあるかどうかを判断するための図はどれか。,管理図は、工程の状態や品質を時系列に表した図であり、工程が安定した状態にあるかどうかを判断するために用います。生産管理に用いる場合は、縦軸に不良品の個数、横軸に日付をとり、統計的に求めた上方管理限界と下方管理限界の線を横軸と平行に引いた図を使用します。毎日不良品個数をプロットしていき、管理限界から超えた位置にプロットがあれば、その日付に何らかの異常が発生していることがわかります。,管理図,散布図,特性要因図,パレート図,A
00010089,0089,0001,マネジメント系,品質問題を解決するために図を作成して原因の傾向を分析したところ、全体の80%以上が少数の原因で占められていることが判明した。作成した図はどれか。,パレート図は、値の大きい順に分析対象の項目を並べた棒グラフと、累積構成比を表す折れ線グラフを組み合わせた複合グラフで、主に複数の分析対象の中から、重要である要素を識別するために使用します。,管理図,散布図,特性要因図,パレート図,D
00010090,0090,0001,マネジメント系,ソフトウェアの品質特性の定義において、あるコンピュータ用に作成したプログラムを別のアーキテクチャのコンピュータで動作できるようにすることの容易さを表す特性はどれか。,ソフトウェアの品質特性とは、ソフトウェアの品質を評価する基準のことです。,移植性(Portability),使用性(Usability),相互運用性(Interoperability),変更性(Changeability),A
00010091,0091,0001,マネジメント系,システム開発における品質管理に関する記述のうち、適切なものはどれか。,解説なし,幾つかのサブシステムに分割して開発するとき、サブシステム単位での品質が保証できれば、同時にシステム全体としての品質も保証できる。,応答時間やバッチ処理時間などの性能は品質管理の対象外であるが、業務に与える影響が大きいので限界性能を計測しておく。,システムヘの要求機能の充足度だけでなく、 ドキュメントなどすべての成果物を含めて品質管理の対象とする。,市販製品と自社開発プログラムを組み合わせてシステムを開発する場合、品質管理の対象は自社開発のプログラムだけとなる。,C
00010092,0092,0001,マネジメント系,ある商品のメーカ別の市場構成比を表すのに適切なグラフはどれか。,帯グラフは、帯状の長方形をある長さで区切り、その各部分の面積で数量の大きさを表します。全体に対しての割合の大小を見るのに便利なグラフです。,Zグラフ,帯グラフ,折れ線グラフ,レーダチャート,B
00010093,0093,0001,マネジメント系,システムの開発部門と運用部門が別々に組織化されているとき、開発から運用への移行を円滑かつ効果的に進めるための方法のうち、適切なものはどれか。,運用部門がシステム要件定義などに参加することで、運用側の要求を意見できたり、認識の違いを埋めたりできます。開発側と運用側が共通の認識を持って進めることで、運用への移行作業を円滑に実施できます。,運用テストの完了後に、開発部門がシステム仕様と運用方法を運用部門に説明する。,運用テストは、開発部門の支援を受けずに、運用部門だけで実施する。,運用部門からもシステムの運用に関わる要件の抽出に積極的に参加する。,開発部門は運用テストを実施して、運用マニュアルを作成し、運用部門に引き渡す。,C
00010094,0094,0001,マネジメント系,システムが正常に稼働するかどうかを確認するために、システムの利用部門の利用者と情報システム部門の運用者が合同で、本稼働前に運用テストを実施することになった。利用者が優先して確認すべき事項はどれか。,運用テストは、システムの利用者が業務の流れに沿ってシステムのテストを行い、実際の稼働状況において不具合が発生しないかを検証するために実施されるテストです。利用部門の利用者が優先して確認すべき事項なので、業務手順(利用手順)どおりにシステムが動作し、問題なく業務を行うことができるかが重要になります。,オンライン処理、バッチ処理などが、運用手順どおりに稼働すること,決められた業務手順どおりに、システムが稼働すること,全てのアプリケーションプログラムが仕様書どおりに機能すること,目標とする性能要件を満たしていること,B
00010095,0095,0001,マネジメント系,システムの費用を表すTCO(総所有費用)の意味として、適切なものはどれか。,TCO(Total Cost of Ownership)は、ある設備・システムなどにかかわる、購入から廃棄までに必要な時間と支出を総計した金額を表します。またTCOは、システム開発やハードウェア導入、ソフトウェアの導入など初期投資に必要となる「イニシャルコスト」と、運用・保守・教育・アップグレードなど維持管理に必要となる「ランニングコスト」に分類することができます。,業務システムの開発に関わる費用の総額,システム導入から運用及び維持・管理までを含めた費用の総額,システム導入時の費用の総額,通信・ネットワークに関わるシステムの運用費用の総額,B
00010096,0096,0001,マネジメント系,システムの移行方式の一つである一斉移行方式の特徴のうち、適切なものはどれか。,一斉移行方式は、システムの移行方式のひとつで旧システムから新システムに一斉に切り替える方式のことです。新旧システム比較しながら並行運用し、問題がなくなった時点で新システムに移行する順次移行方式に比べて、両システムの並行稼働によるコスト増が避けられることや、両システム間のデータを交換するためのプログラムを用意しなくてもいいというメリットがあります。,新旧システム間を接続するアプリケーションが必要となる。,新旧システムを並行させて運用し、ある時点で新システムに移行する。,新システムへの移行時のトラブルの影響が大きい。,並行して稼働させるための運用コストが発生する。,C
00010097,0097,0001,マネジメント系,複数の業務システムがある場合のアクセス管理の方法のうち、最も適切なものはどれか。,解説なし,業務の担当変更に迅速に対応するために、業務グループごとに共通の利用者IDを使用する。,人事異動が頻繁に発生する場合には、年初にまとめてアクセス権限の変更を行う。,新入社員の名簿に基づいて、あらかじめ全業務システムに全員の利用者登録を実施しておく。,利用者の職位にかかわらず、業務システムごとに役割に応じて適切なアクセス権限の設定を行う。,D
00010098,0098,0001,マネジメント系,チェックディジットを利用する目的として、適切なものはどれか。,チェックディジット(check digit、 検査数字)とは、符号の入力誤りなどを検出するために元の符号に付加される数字のことで、主にバーコードの読み取りなどにおける入力値のチェックに使われます。バーコードは光学読み取り装置(OMR)によってディジタル情報に変換されます。バーコードにゴミが付着していたりした場合に、誤った数値が入力されてしまうのを防ぐために検査文字を付加しています。,チェックディジット(check digit、 検査数字)とは、符号の入力誤りなどを検出するために元の符号に付加される数字のことで、主にバーコードの読み取りなどにおける入力値のチェックに使われます。バーコードは光学読み取り装置(OMR)によってディジタル情報に変換されます。バーコードにゴミが付着していたりした場合に、誤った数値が入力されてしまうのを防ぐために検査文字を付加しています。,入力したコードの値の誤りを検出する。,入力したコードの桁数の誤りを検出する。,入力したデータ値が、定められた範囲内に収まっていない誤りを検出する。,B
00010099,0099,0001,マネジメント系,ニューメリックチェックの説明として、適切なものはどれか。,ニューメリックチェック(numeric check)とは、入力データが数値かどうかをチェックすることです。数値で扱うデータの処理時に、文字や記号など数値として処理できない文字種が含まれていると、処理中にエラーを起こしてしまう可能性があります。知らない人が操作をしてもエラーが起きにくいように処理前の段階で数値であることを確認を組込みます。,一定の規則に従ってデータから検査文字を算出し、付加されている検査文字と比較することによって、入力データに誤りがないかどうかをチェックする。,数値として扱う必要のあるデータに、数値として扱えない文字のようなものが含まれていないかどうかをチェックする。,販売数と在庫数と仕入数の関係など、関連のある項目の値に矛盾がないかどうかをチェックする。,マスタファイル作成時の入力データ中に、キーの値が同じレコードが複数件含まれていないかどうかをチェックする。,B
00010100,0100,0001,マネジメント系,データベースシステムと業務アプリケーションが稼働しているサーバのOSのバージョンアップの案内が届いた。バージョンアップを行うか否かの判断のうち、適切なものはどれか。,新環境に移行する前に、現在動作しているシステム・ソフトウェアの動作を確認することが大事です。,業務アプリケーションは長期間使用しているが、データベースシステムは比較的新しいので、OSとデータベースシステムの相性をチェックしバージョンアップをする。,今回のバージョンアップに伴い現在使用しているOSはサポート終了となるので、すぐにバージョンアップをする。,データベースシステムは、OSのメーカが提供するデータベース管理機能を使っているのでトラブルはないと判断し、業務アプリケーションとOSの関係を調査し、問題がなければバージョンアップをする。,バージョンアップされたOSでのデータベースシステムの稼働を確認した後に、業務アプリケーションの稼働を確認し、問題がなければバージョンアップをする。,D
00020001,0101,0002,テクノロジ系,マルチコアプロセッサに関する記述のうち、適切なものはどれか。,マルチコアプロセッサは、複数台のプロセッサを並列に動作させることによって処理能力の向上を図ることを目的としたシステム構成です。それぞれのCPU間で主記憶を共有するかしないかによって密結合型と疎結合型に分類されます。,各コアでそれぞれ別の処理を同時に実行することによって、システム全体の処理能力の向上を図る。,複数のコアで同じ処理を実行することによって、処理結果の信頼性の向上を図る。,複数のコアはハードウェアだけによって制御され、OSに特別な機能は必要ない。,プロセッサの処理能力はコアの数だけに依存し、クロック周波数には依存しない。,A
00020002,0102,0002,テクノロジ系,TCP/IPのポート番号によって識別されるものはどれか。,IPアドレスが送受信の対象コンピュータを識別する数値なのに対して、ポート番号はデータの宛先となるアプリケーションを表す数値です。,コンピュータに装着されたLANカード,通信相手のアプリケーションソフトウェア,通信相手のコンピュータ,無線LANのアクセスポイント,B
00020003,0103,0002,テクノロジ系,デュアルシステムに関する記述として、適切なものはどれか。,デュアルシステムは、フォールトトレラントシステムの実現方法のひとつで完全2系統（電源からデータを保存するハードディスクまで）のシステムで同じ処理を行い、結果を照合しながら実行していく構成をもつシステムです。,1台のコンピュータに複数のマイクロプロセッサを搭載し、並列処理ができるシステムのことである。,2系統のコンピュータが、互いの処理結果を照合しながら同一処理を行うシステムのことである。,障害時に、予備のコンピュータに切り替えて処理を継続するシステムのことである。,複数のコンピュータを直列に接続して、機能を分担するシステムのことである。,B
00020004,0104,0002,テクノロジ系,無線LANのセキュリティを向上させるための対策はどれか。,ESSIDのステルス化とは、自身が存在することを周囲に知らせるために無線LANアクセスポイントが行うビーコンの発信を停止し、OSのアクセスポイントの自動検出機能などでESSIDを発見できないようにすることです。ステルス化によりその場に無線LAN環境があることを発見されにくくなるため不正な利用者からのアクセスを防ぐことができます。,ESSIDをステルス化する。,アクセスポイントへの電源供給はLANケーブルを介して行う。,通信の暗号化方式をWPA2からWEPに変更する。,ローミングを行う。,A
00020005,0105,0002,テクノロジ系,認証局(CA:Certificate Authority)は、公開鍵の持ち主が間違いなく本人であることを確認する手段を提供する。この確認に使用されるものはどれか。,電子証明書は、個人や企業が使用する公開鍵に対する電子式の証明書です。第三者機関である認証局(CA)に申請を行い、審査に合格すると発行されます。電子証明書には、認証を受けた公開鍵が含まれていて、真正性を保証するために認証局のディジタル署名が付されています。,ディジタルサイネージ,ディジタルフォレンジックス,電子証明書,バイオメトリクス認証,C
00020006,0106,0002,テクノロジ系,業務中に受信した電子メールの添付文書をワープロソフトで開いたら、ワープロソフトが異常終了した。受け取った電子メールがウイルスを含んでいた可能性が考えられる場合、適切な処置はどれか。,ウイルス感染が疑われる場合、まずしなければいけないことは感染の拡大を防ぐことです。そのためにも一刻も早くLANケーブルなどを抜いて、ネットワークから遮断することが大事です。そして自分で判断することはせずに担当者に連絡をして指示に従いましょう。,PCをネットワークから切り離した後、OSの再インストールをする。,PCをネットワークから切り離した後、速やかにシステム管理部門の担当者に連絡する。,現象が再発するかどうか、必要ならワープロソフトを再インストールして現象を確かめる。,社員全員にウイルス発生の警告の電子メールを発信する。,B
00020007,0107,0002,テクノロジ系,VPNの説明として、適切なものはどれか。,VPN(Virtual Private Network)は、多数の加入者が共用する公衆回線で接続された拠点間の通信において、機密性を確保した仮想的な専用回線を構築する技術です。VPNの構築には認証及び暗号化機能をもつプロトコルが用いられます。公衆回線を利用するため、専用回線を敷設するのに比べ低コストで構築できる利点があります。,アクセスポイントを経由せず、端末同士が相互に通信を行う無線ネットワーク,オフィス内やビル内など、比較的狭いエリアに構築されるネットワーク,公衆ネットワークなどを利用して構築された、専用ネットワークのように使える仮想的なネットワーク,社内ネットワークなどに接続する前に、PCのセキュリティ状態を検査するために接続するネットワーク,C
00020008,0108,0002,テクノロジ系,ウイルス対策ソフトの適切な運用方法はどれか。,毎日のように新しいウィルスが発見されているため、常にウィルス定義ファイルを最新にしておく必要があります。,ウイルス対策ソフトはハードディスクのウイルス検査を行うときに起動し、検査終了後は速やかに停止させる。,常駐検査(ファイルの読み書きを行うたびに、そのファイルにウイルスなどが混入していないか調べること)の機能をもつウイルス対策ソフトを使用する場合は、導入時にハードディスク全体の検査を行っておけば、その後は常駐検査だけでよい。,導入後もウイルス定義ファイルの更新を継続して行う。,プロバイダ側でウイルスチェックが行われている場合は、PCへのウイルス対策ソフトの導入は不要である。,C
00020009,0109,0002,テクノロジ系,ネットワーク機器がパケットを複製して、複数の宛先に送ることを何というか。,マルチキャストは、TCP/IPネットワークで1対多の通信を行うときに使用する方式です。,DNS,URL,マルチキャスト,マルチリンク,C
00020010,0110,0002,テクノロジ系,HTMLを使用して作成できるものはどれか。,HTML(HyperText Markup Language)は、Webページを記述するために、タグを使って文書構造を表現するマークアップ言語です。,Webブラウザ,Webページ,音声ファイル,動画ファイル,B
00020011,0111,0002,テクノロジ系,シンセサイザなどの電子楽器とPCを接続して演奏情報をやり取りするための規格はどれか。,MIDI(Musical Instrument Digital Interface)は、シンセサイザやなどの電子楽器の演奏データや電子音源を機器間でデジタル転送するための世界共通規格であり、MIDIデータによって送られる情報は、実際の音ではなく音楽の演奏情報(発音の可否、音の高さ、音の大きさ)です。,AVI,BMP,MIDI,MP3,C
00020012,0112,0002,テクノロジ系,FTTHの説明として、適切なものはどれか,FTTH(Fiber To The Home)は、その名の通り、光ファイバーを伝送路としてそれを一般家庭まで引き込む、光通信のネットワーク構成方式です。ADSLのような伝送損失による速度の低下がなく、ノイズ耐性も高いので安定した通信が可能です。100Mbps程度の速度が主流ですが、なかには1Gbpsの通信を提供するサービスもあります。,IEEEが策定した無線通信の規格に準拠し、相互接続性が保証されていることを示すブランド名,アナログの電話線を用いて高速のディジタル通信を実現する技術,インターネットなどでファイルを転送するときに使用するプロトコル,光ファイバを使った家庭向けの通信サービスの形態,D
00020013,0113,0002,テクノロジ系,PC内のファイルを暗号化して使用不能にし、復号するためのキーと引換えに金品を要求するソフトウェアを何と呼ぶか。,ランサムウェア(Ransomware)は、他人のコンピュータのデータを勝手に暗号化することで正常にアクセスできない状態にし、元に戻すための復元プログラムを買うように迫るコンピュータウイルスです。たとえ金銭を支払ってもデータが元に戻る保証はなく、最悪の場合はOSのリカバリによって回復させるしかありません。データ保護のためには、セキュリティアップデートを速やかに適用してセキュリティホールを塞ぐことと併せて、定期的なバックアップの実施が望まれます。,キーロガー,ランサムウェア,ルートキット,ワーム,B
00020014,0114,0002,テクノロジ系,システムにおいて、ある一部分の処理速度が遅いことによって、システム全体の処理速度が低く抑えられているとき、原因となっている部分を何と呼ぶか。,システム、工程および経営において、ある部分の処理能力が低いことによって全体の能力低下を招いているような制約が存在するとき、その一部分のことをボトルネックといいます。,スループット,デフラグ,フローチャート,ボトルネック,D
00020015,0115,0002,テクノロジ系,室内で複数のコンピュータを接続するLANを構築したい。必要なものはどれか。,ハブ(Hb)は、複数のポート(接続口)を装備し、コンピュータの接続台数を増やすことができる装置です。リピータハブやスイッチングハブなど機能により、いくつかの種類に分かれます,インターネット,スプリッタ,ハブ,モデム,C
00020016,0116,0002,テクノロジ系,複数の利用者がデータベースの同じレコードを更新するときに、データの整合性を保つために行う制御として、適切なものはどれか。,あるトランザクションが更新中であるデータに対して別のトランザクションから読書き要求があった場合、DBMSは別のトランザクションからのアクセスを一旦待たせることで、同時更新による更新消失と参照異常を防止しています。この仕組みを排他制御といい、他のトランザクションがデータにアクセスできないようにすることを「データをロックする」といいます。またロックを解除することを「アンロック」といいます。,正規化,タイマ監視,ロールフォワード,ロック／アンロック,D
00020017,0117,0002,テクノロジ系,アプリケーションプログラムやデバイスドライバなどを安全に配布したり、それらが不正に改ざんされていないことを確認したりするために利用するものはどれか。,コード署名は、ソフトウェアやドライバに対して行われるディジタル署名です。使用することで配布元のなりすまし、改ざん被害を防止することができます。インターネット通信におけるディジタル証明書との違いは、証明書がソフトウェアに同梱されることと通信暗号化の仕組みがないことです。なおコード署名で使用される証明書は「コードサイニング証明書」といいます。,SMTP,WPA2,コード署名,電子透かし,C
00020018,0118,0002,テクノロジ系,OSS (Open Source Software) の利用に関する記述のうち、適切なものはどれか。,ソフトウェアの変更と派生ソフトウェアの作成、並びに派生ソフトウェアを元のソフトウェアと同じライセンスの下で頒布することが許可されます。,OSSの利用者は、開発者にソフトウェアの対価を支払う義務を負う。,OSSの利用者は、そのOSSを販売したり、無料配布したりすることはできない。,OSSを遺伝子研究分野で利用することはできない。,公開されているOSSを改良した派生ソフトウェアをOSSとして公開できる。,D
00020019,0119,0002,テクノロジ系,データ通信における暗号化技術に関する記述のうち、適切なものはどれか。,ディジタル署名には、公開鍵暗号の技術がつかわれています。送信者は自身の秘密鍵でメッセージダイジェストを暗号化し、受信側は送信者の公開鍵で復号し、データが改ざんされていないことを確かめます。,公開鍵暗号を使用してデータを暗号化する通信では、暗号化するための鍵を、どのように安全に配送するか工夫する必要がある。,データを暗号化して通信することによって、データの破壊や改ざんを防ぐことができる。,電子商取引などで使用されるディジタル署名には、公開鍵暗号の技術が使われている。,不特定多数とのデータ通信においては、公開鍵暗号よりも共通鍵暗号が適している。,C
00020020,0120,0002,テクノロジ系,ブログのサービスで使用されるRSSリーダが表示するものはどれか。,RSSは、ブログやニュースサイト、電子掲示板などのWebサイトで、効率の良い情報収集や情報発信を行うために用いられている文書フォーマットの総称です。ページの見出しや要約、更新時刻などのメタデータが、XMLベースの記述形式で構造化されて記録されています。,ブログから収集した記事の情報,ブログのアクセスログを解析した統計情報,ブログへ投稿した記事の管理画面,ブログ用のデザインテンプレート画像,A
00020021,0121,0002,テクノロジ系,電子メールで使用されるMIME(Multipurpose Internet Mail Extensions)に関する記述として、適切なものはどれか。,MIMEは、ASCII文字しか使用できないSMTPを利用したメールで、日本語の2バイトコードや画像データを送信するための仕組みです。,画像ファイルなどの添付ファイルを電子メールで送る方法,公開鍵暗号方式を用いて、電子メールを暗号化する方法,電子メールの本文をHTMLで記述することで、Webページのようなレイアウトやデザインを実現する方法,メールサーバから利用者の端末に電子メールを転送する方法,A
00020022,0122,0002,テクノロジ系,コンピュータシステムの性能評価を中立的な立場で行うために、各種ベンチマークテストの開発や評価結果を公開することを目的として設立された団体はどれか。,SPEC(Standard Performance Evaluation Corporation、標準性能評価法人)は、コンピュータの性能評価を測定する目的で実施されるベンチマーク(テスト)を作成している非営利団体です。,GNU,ISO,OSI,SPEC,D
00020023,0123,0002,テクノロジ系,スマートフォンを安全に利用するために行うこととして、適切なものはどれか。,ロック画面に認証を施すことで、端末を他人に不正操作されることを防ぐことができます。,OSはアップデートせず、購入時の状態のままで利用する。,権限昇格などの改造を行い、機能を強化する。,パスワードによる画面のロック機能を設定する。,有用と思うアプリケーションであれば、どのようなWebサイトからダウンロードしてもよい。,C
00020024,0124,0002,テクノロジ系,バイオメトリクス認証の例として、適切なものはどれか。,バイオメトリクス認証は、生体認証ともよばれ、人間の身体的な特徴や行動の特性など個人に固有の情報を用いて本人の認証を行う方式です。認証情報として使用される身体的特徴には、指紋、声紋、虹彩、顔、網膜、静脈パターンなどがあります。,本人の指紋で認証する。,本人の電子証明書で認証する。,本人の身分証明書で認証する。,ワンタイムパスワードを用いて認証する。,A
00020025,0125,0002,テクノロジ系,PCのキャッシュメモリを説明したものはどれか。,キャッシュメモリは、主記憶とは異なる半導体(SRAM)を使用した非常に高速にアクセスできるメモリです。CPUと主記憶の間に設置され、主記憶で一度参照されたデータを保持し、CPUからの要求に応じてそのデータを渡す役割をもちます。,CPUコアと主記憶の間にあって、データを高速に読み書きするためのメモリ,同じ内容のデータを2か所に記録して、信頼性を高めるためのメモリ,主記憶容量を超える大きさプログラムでも動作させることができる仕組みをもつメモリ,主記憶を複数のブロックに分割することによって、同時アクセスを可能にするメモリ,A
00020026,0126,0002,テクノロジ系,テザリング機能をもつスマートフォンを利用した、PCのインターネット接続に関する記述のうち、適切なものはどれか。,テザリング(Tethering)とは、スマートフォンなどのモバイル端末がもつ携帯回線などのインターネット接続機能を用いて、他のコンピュータや情報端末をインターネットに接続することです。モバイル端末の3G・4G通信契約を経由してインターネットに接続するので、外出先でもノートPCを使用したインターネット接続が手軽にできます。またPC用のインターネット接続環境を別途契約しなくてもよいという点もメリットです。,PCとスマートフォンの接続は無線LANに限定されるので、無線LANに対応したPCが必要である。,携帯電話回線のネットワークを利用するので安全性は確保されており、PCのウイルス対策は必要ない。,スマートフォンをルータとして利用できるので、別途ルータを用意する必要はない。,テザリング専用プロトコルに対応したPCを用意する必要がある。,C
00020027,0127,0002,テクノロジ系,ランサムウェアの説明として、適切なものはどれか。,ランサムウェア(ransomware)は、身代金(ransom)とウェア(ware)を合わせた造語で、他人のコンピュータのデータを勝手に暗号化し、システムへのアクセスを制限されたユーザに対し元に戻すための復元プログラムを買うように迫るコンピュータウィルスです。,ウイルスなどを検知して、コンピュータを脅威から守り、安全性を高めるソフトウェアの総称,感染すると勝手にファイルやデータの暗号化などを行って、正常にデータにアクセスできないようにし、元に戻すための代金を利用者に要求するソフトウェア,キーボード入力や画面出力といった入出力機能や、ディスクやメモリの管理などコンピュータシステム全体を管理するソフトウェア,ローマ字から平仮名や片仮名へ変換したり、仮名から漢字へ変換するなどコンピュータでの利用者の文字入力を補助するソフトウェア,B
00020028,0128,0002,テクノロジ系,コンピュータを利用するとき、アルゴリズムは重要である。アルゴリズムの説明として、適切なものはどれか。,アルゴリズムとは、ある問題を解決するための一連の処理手順のことです。日本工業規格(JIS)ではアルゴリズムのことを「問題を解くためのものであって、明確に定義され、順序付けられた有限個の規則から成る集合」と定義しています。ソフトウェアの開発では、プログラム言語を使用してアルゴリズムを記述することでコンピュータに目的の処理を行わせるソフトウェアを作成します。,コンピュータが直接実行可能な機械語に、プログラムを変換するソフトウェア,コンピュータに、ある特定の目的を達成させるための処理手順,コンピュータに対する一連の動作を指示するための人工言語の総称,コンピュータを使って、建築物や工業製品などの設計をすること,B
00020029,0129,0002,テクノロジ系,VPNの説明として、適切なものはどれか。,VPN(Virtual Private Network)は、多数の加入者が共用する公衆回線で接続された拠点間の通信において、機密性を確保した仮想的な専用回線を構築する技術です。VPNの構築には認証及び暗号化機能をもつプロトコルが用いられます。公衆回線を利用するため、専用回線を敷設するのに比べ低コストで構築できる利点があります。,アクセスポイントを経由せず、端末同士が相互に通信を行う無線ネットワーク,オフィス内やビル内など、比較的狭いエリアに構築されるネットワーク,公衆ネットワークなどを利用して構築された、専用ネットワークのように使える仮想的なネットワーク,社内ネットワークなどに接続する前に、PCのセキュリティ状態を検査するために接続するネットワーク,C
00020030,0130,0002,テクノロジ系,PCのプロセッサ内にあるキャッシュメモリの利用目的はどれか。,キャッシュメモリとは、CPUと主記憶の間に置かれる高速にアクセスできる記憶装置です。必要なデータがあるとコンピュータはまずキャッシュメモリにデータがあるかを探します。キャッシュメモリにない場合には主記憶上のデータを参照します。最近は1次キャッシュ、2次キャッシュというように複数のキャッシュが搭載されているパソコンがほとんどです。●次というのはデータが探索される順番を表しています。,PCへの電力供給が切れた状態でも記憶内容を保持する。,書き換える必要のない情報や、書き換えられては困る情報を記録する。,主記憶とのアクセス時間を見かけ上短縮することによって、CPUの処理効率を高める。,利用者IDやパスワードなどの重要情報や機密情報を記録する。,C
00020031,0131,0002,テクノロジ系,LANケーブルを介して端末に給電する技術はどれか。,PoE(Power over Ethernet)は、イーサネットの通信ケーブルを通じて電力を供給する技術です。,EUC,IrDA,PoE,TCO,C
00020032,0132,0002,テクノロジ系,DBMSにおいて、あるサーバのデータを他のサーバに複製し、同期をとることで、可用性や性能の向上を図る手法のことを何というか。,レプリケーション(Replication)は、DBMS(データベースマネジメントシステム)が持つ機能の一つで、あるデータベースに加えた変更を、別のネットワーク上にある複製データベースに自動的に反映させる仕組みです。定期的にデータを保全するバックアップと異なり、レプリケーションでは随時データ更新が行われるので、信頼性や耐障害性が向上します。,アーカイブ,ジャーナル,分散トランザクション,レプリケーション,D
00020033,0133,0002,テクノロジ系,次の記憶媒体のうち、記録容量が最も大きいものはどれか。ここで、記憶媒体の直径は12cmとする。,BD-R(Blu-ray Disc Recordable)は、片面1層のディスクで25GB、片面2層では50GBのデータを記録することができます。,BD-R,CD-R,DVD-R,DVD-RAM,A
00020034,0134,0002,ストラテジ系,組織の情報共有とコミュニケーションの促進を図るためにグループウェアを利用することを検討している。必要なサーバやソフトウェアを自社で購入せずに利用できるソリューションとして、適切なものはどれか。,ハードウェア・ソフトウェアを自社で購入しないという条件があるため、ASPの選択が適切です。,ASP,BPO,ISP,SI,A
00020035,0135,0002,ストラテジ系,CRMに必要な情報として、適切なものはどれか。,CRM(Customer Relationship Management)は、顧客に関するあらゆる情報を統合管理し、企業活動に役立てる経営手法です。顧客との長期的な関係を築くことを重視し、顧客の満足度と利便性を高めることで、それぞれの顧客の顧客生涯価値を最大化することを目標の一つとしています。,顧客データ、顧客の購買履歴,設計図面データ,専門家の知識データ,販売日時、販売店、販売商品、販売数量,A
00020036,0136,0002,ストラテジ系,技術を理解している者が企業経営について学び、技術革新をビジネスに結びつけようとする考え方はどれか。,MOT(Management of Technology)は、技術経営とも呼ばれ、技術開発や継続なイノベーションの成果によって事業利益を獲得することを目的とした経営手法です。,JIT,MOT,OJT,TQM,B
00020037,0137,0002,ストラテジ系,経営戦略の目標や目的を達成する上で、重要な要因を表すものはどれか。,"CSF(Critical Success Factor)は、""重要成功要因""とも呼ばれ、経営戦略やITガバナンスなどを計画的に実施する際、その目標・目的を達成する上で決定的な影響を与える要因のことで、重点的に資源を投下して取り組むべき重要な目標を意味します。",CSF,ERP,MRP,SCM,A
00020038,0138,0002,ストラテジ系,企業がISO 9001を導入することによって期待できるメリットのうち、適切なものはどれか。,ISO 9001は、組織の品質マネジメントシステムの要求事項を定めた国際標準規格です。組織に導入することで品質管理体制が確立され、品質に対する意識の向上や品質改善による業績の改善、及び顧客満足度の向上などが期待できます。対象は製造業に限らないためサービス業にも適用されています。,企業の貿易手続が標準化され、効率の向上や非関税障壁の減少につながる。,業界で技術仕様が標準化され、製品の品質の向上や市場の拡大が進む。,情報資産の取扱方法が標準化され、情報セキュリティの品質が向上する。,品質管理に関する業務運営が標準化され、管理の質や効率が向上する。,D
00020039,0139,0002,ストラテジ系,情報システムの全体最適化計画立案の際に、経営戦略との整合性を確保するために必要なこととして、最も適切なものはどれか。,報戦略の立案時には、経営事業戦略、経営事業目標、中長期構想、およびこれらと連動した企業の情報戦略と整合性があることを確認しなければなりません。システム管理基準の中にも、(情報戦略における)「全体最適化計画は、方針及び目標に基づいていること」という項目があります。,現場社員からのヒアリング,情報システムの提案依頼書の策定,中期経営計画書の理解,独立監査人の監査報告書の閲覧,C
00020040,0140,0002,ストラテジ系,本部が契約した加盟店に対して、営業権や商標の使用権、出店や運営のノウハウを提供し、その見返りとして加盟店からロイヤルティを徴収するという関係を有した小売り形態はどれか。,フランチャイズチェーンは、流通におけるビジネスモデルの一つで、一方が自己の商号・商標などを使用する権利、自己の開発した商品（サービスを含む）を提供する権利、営業上のノウハウなどを提供し、これにより自己と同一のイメージ（ブランド）で営業を行わせ、他方が、これに対して対価（ロイヤルティー）を支払う約束によって成り立つ事業契約です。,アウトレットストア,アンテナショップ,フランチャイズチェーン,ボランタリチェーン,C
00020041,0141,0002,ストラテジ系,マーケティングミックスの説明として、適切なものはどれか。,マーケティングミックスは、企業がマーケティング戦略において目標とする市場から期待する反応を得るために、複数のマーケティング要素を組み合わせることをいいます。,機会、脅威、強み、弱みの各視点から自社環境を考察して戦略を立てる考え方,顧客、競合他社、自社の実力を知ることによって戦略を立てる考え方,製品、流通、価格、販売促進の各要素を検討して戦略を立てる考え方,製品を花形、金のなる木、問題児、負け犬に分類して戦略を立てる考え方,C
00020042,0142,0002,ストラテジ系,RFPを作成する目的として、最も適切なものはどれか。,RFP(Request For Proposal、提案依頼書)は、情報システムの調達を予定している企業・組織が、発注先候補のITベンダに対して具体的なシステム提案をするように求めること、または委託するシステムの要件や調達要件を取りまとめた文書です。,開発を委託する場合の概算委託額をベンダに提示する。,将来のシステム開発に向けて、最適な先進技術に関する情報を入手する。,内製、開発の委託、製品の購入といった調達手続を標準化する。,ベンダに提案書の提示を求め、発注先を適切に選定する。,D
00020043,0143,0002,ストラテジ系,インターネットなどのネットワークを介してコンピュータを利用する場合において、不正アクセス禁止法で禁止されている行為はどれか。,不正アクセス禁止法は、ネットワークに接続できる環境で、本人に許可なく他人のID・パスワードを使って認証が必要なページに接続することを禁止しています。また本人の了解を得ることなく、他人のIDとパスワードの組合せを教える行為も処罰の対象となっています。,他人のIDとパスワードを、本人の許可なく、その利用方法を知っている第三者に教えること,他人のPC操作を盗み見るなどして、他人のIDとパスワードを入手すること,本人の了解を得ることなく、他人のメールアドレスを第三者に教えること,本人の了解を得ることなく、不正に他人のメールアドレスを入手すること,A
00020044,0144,0002,ストラテジ系,他社との組織的統合をすることなく、自社にない技術や自社の技術の弱い部分を他社の優れた技術で補完したい。このときに用いる戦略として、適切なものはどれか。,アライアンス(Alliance)は、組織的な統合なしに行われる企業同士の連携を表します。互いの不得意分野の補完や、事業投資リスクの軽減などを目的に締結されます。唯一「組織的統合がない」「他社の技術を得られる」という2つの条件を満たしているため適切です。,M&A,MBO,アライアンス,スピンオフ,C
00020045,0145,0002,ストラテジ系,企業戦略におけるアライアンスの効果として適切なものはどれか。,企業合併や資本提携、販売提携など連携の強さもスタイルも様々なものがありますが、アライアンスを締結する目的としては、お互いの不得意分野の補完や、事業投資リスクの軽減などが挙げられます。新規事業に投資する際に自社１社で開発するよりも、開発コストを連携する会社と出資しあえば、事業投資に対するリスクを軽減することができます。,異文化をもった相手企業が合併や買収によって加わることで、混乱や摩僚が生じることがあるが、有形・無形の経営資源を得ることができる。,外部の専門業者にその企業にとって中核でない業務を委託することによって、企業本来の業務に人員をシフトすることができる。,技術提携、生産や販売の委託、合弁会社の設立などによって、複数の企業が互いの独自性を維持しながら連携を強化することができる。,グループ企業の株式を保有することによって、本社機能に特化した会社形態として経営を行うことができる。,C
00020046,0146,0002,ストラテジ系,産・販売・調達・経理・人事といった全社の業務を統合的に管理し、企業全体の経営資源の最適化を図りたい。この目的を実現するために構築する情報システムとして、適切なものはどれか。,ERP(Enterprise Resource Planning)は、企業資源計画とも呼ばれ、企業全体の経営資源を有効かつ総合的に計画・管理し、経営の効率化を図るための手法です。これを実現するための統合型(業務横断型)ソフトウェアを「ERPパッケージ」又は「ERPシステム」と呼びます。,CRMシステム,ERPシステム,HRMシステム,MRPシステム,B
00020047,0147,0002,ストラテジ系,他者が開発した先進的な技術と、高い研究能力をもった人材を、自社固有の経営資源として取り込むことが可能な戦略はどれか。,M&A(Mergers and Acquisitions)とは、合併と買収の略で、自社に吸収合併したり、他社の株式を多く取得し買収することで子会社化し、自社の経営資源とすることが可能です。新規事業や市場への参入、企業グループの再編、事業統合、経営が不振な企業の救済などを目的として実施されます。,M&A,R&D,アライアンス,技術提携,A
00020048,0148,0002,ストラテジ系,情報システム戦略策定の主たる目的として、適切なものはどれか。,情報システム戦略とは、経営戦略に沿って、経営課題の解決のために情報システム全体を効果的に構築・運用するための方針です。情報システム戦略に基づいて全体システム化計画や情報化投資計画が策定されます。,新たに構築する業務と情報システムに対する要件を明確にし、それを基にIT化の範囲を決定してその具体的機能を明示する。,経営戦略に基づいた情報システム全体のあるべき姿を明確にして、組織としての情報システム全体の最適化方針を決定する。,情報システム開発のために、組織として開発方法と管理方法を決定し、それらに基づいて開発と管理の標準手順を設定する。,対象とする業務の情報システム構築に関する要求事項を整理し、そのシステム化の方針と構築のための実施計画を作成する。,B
00020049,0149,0002,ストラテジ系,情報システムの構築に当たり、要件定義から開発作業までを外部に委託し、開発したシステムの運用は自社で行いたい。委託の際に利用するサービスとして、適切なものはどれか。,システムインテグレーションサービス(SIサービス)は、システムの企画からシステム構築、運用、保守までに必要となる作業の一部、あるいはすべてを一貫して請け負う事業またはサービスです。これを請け負う業者をシステムインテグレーター(System Integrator、通称:SIer)といいます。,SaaS(Software as a Service),システムインテグレーションサービス,ハウジングサービス,ホスティングサービス,B
00020050,0150,0002,ストラテジ系,インターネットに接続しているコンピュータ環境において、不正アクセス禁止法で規制されている、不正アクセスを助長する行為に該当するものはどれか。,不正アクセス禁止法は、コンピュータネットワークに接続できる環境で、本人の承諾なしに他人のID・パスワードを使って認証が必要なページに接続する行為、および、本人に許可なく第三者へIDとパスワードを教えるなどの助長行為の禁止を定めた法律です。,住所や氏名などの個人情報を不正に詐取するプログラムを作成して配布する。,商用の音楽コンテンツを、ブログで不特定多数がダウンロードできる状態にする。,他人のIDとパスワードを、本人に無断で第三者に口頭で伝える。,特定のWebサイトに対する大量のアクセスを扇動する書込みを、電子掲示板に投稿する。,C
00020051,0151,0002,ストラテジ系,BPM(Business Process Management)の特徴として、最も適切なものはどれか。,agement)は、BPRのように一回限りの革命的な変化でなく、組織が繰り返し行う日々の業務のなかで継続的にビジネスプロセスの発展を目指していくための技術・手法です。,業務課題の解決のためには、国際基準に従ったマネジメントの仕組みの導入を要する。,業務の流れをプロセスごとに分析整理し、問題点を洗い出して継続的に業務の流れを改善する。,業務プロセスの一部を外部の業者に委託することで効率化を進める。,業務プロセスを抜本的に見直してデザインし直す。,B
00020052,0152,0002,ストラテジ系,KPIの説明として、適切なものはどれか。,KPI(Key Performance Indicator)は、業務目標やビジネス戦略を実現するために、設定したビジネスプロセスの実施状況をモニタリングするために設定される指標のことで、日本語では重要業績評価指標と訳されます。,企業目標の達成に向けて行われる活動の実行状況を計るために設定する重要な指標,経営計画で設定した目標を達成するための最も重要な要因,経営計画や業務改革が目標に沿って遂行され、想定した成果を挙げていることを確認する行為,商品やサービスの価値を機能とコストの関係で分析し、価値を向上させる手法,A
00020053,0153,0002,ストラテジ系,プロダクトライフサイクルに関する記述のうち、最も適切なものはどれか。,プロダクトライフサイクルとは、製品を市場に投入してから販売活動によって普及、成熟しやがて落ち込んでその寿命が終わるまでの過程を、「導入期→成長期→成熟期→衰退期」の順で推移していくと表現した概念です。企業は、製品が現在どのプロセスにあるかを踏まえて展開戦略を考えます。,導入期では、キャッシュフローはプラスになる。,成長期では、製品の特性を改良し、他社との差別化を図る戦略をとる。,成熟期では、他社からのマーケット参入が相次ぎ、競争が激しくなる。,衰退期では、成長性を高めるため広告宣伝費の増大が必要である。,B
00020054,0154,0002,ストラテジ系,ブルーオーシャン戦略の説明として、適切なものはどれか。,ブルーオーシャン戦略は、複数の企業が血みどろの競争を繰り広げている市場(レッドオーシャン)に対して製品やサービスを考えるのではなく、これまでになかった付加価値を生み出すことで競争相手のいない平和な市場(ブルーオーシャン)を開拓し、利益を最大化することを目標とする戦略です。,新しい価値を提供することによって、競争のない新たな市場を生み出す。,売れ筋商品以外の商品も幅広く取り扱うことによって、販売機会の増大を図る。,業界のトップ企業が提供する製品との差別化を徹底的に進める。,コスト削減によって競合他社に対する優位性を築く。,A
00020055,0155,0002,ストラテジ系,顧客に対する販売手法のうち、クロスセリングの事例として、適切なものはどれか。,クロスセリング(Cross Selling)は、単一の商品だけでなくその商品に関連する別の商品や組合せ商品を薦めることで購入品目を増加させ、結果として売上げの拡大を目指す手法です。,エコノミークラスのチケットを求めている顧客にビジネスクラスの利用を薦める。,車の点検に来た顧客に新しいタイプの車への乗換えを薦める。,コンパクトカメラを求めている顧客に一眼レフカメラの購入を薦める。,スキー板を購入した顧客にスキーウェアの購入を薦める。,D
00020056,0156,0002,ストラテジ系,情報技術を利用して顧客に関する情報を収集、分析し、長期的視点から顧客と良好な関係を築いて自社の顧客として囲い込み、収益の拡大を図る手法はどれか。,CRM(Customer Relationship Management)は、顧客関係管理の手法で、顧客満足度を向上させるために、顧客との関係を構築することに力点を置く経営手法です。新規顧客を獲得するより、既存顧客の維持に力を入れる方が有効な戦略であるというのが、CRMの考え方で、ポイントカードなどによる顧客の囲い込みがCRMの実践例です。,BSC,CRM,ERP,PPM,B
00020057,0157,0002,ストラテジ系,電子メールの送信に関する事例のうち、個人情報保護の観点から不適切なものはどれか。,個人情報保護法では、個人情報を取り扱う事業者に対して、個人情報の漏えい、滅失、棄損などを防止するための安全管理措置の実施を義務付けています。メールアドレスの中には文字列から個人の特定が可能なものがあるので、個人情報を含むという認識のもとに慎重かつ適正な取扱いが求められます。,製品の質問メールへの回答で、その内容を知ってもらいたい複数の顧客のメールアドレスをCC欄に設定して返信した。,通信販売の購入額上位10人の顧客に対して1通ずつメールを作成し、順位に合わせた賞品の案内を通知した。,同窓生全員に配布してある同窓会名簿に記載された全員のメールアドレスを宛先に設定して、同窓会の案内メールを送信した。,春の特別企画展を実施することになり、特定の会員のメールアドレスをBCC欄に設定して出展依頼のメールを送信した。,A
00020058,0158,0002,ストラテジ系,社員育成方法のうち、Off-JTに分類されるものはどれか。,Off-JT(Off the Job Training)は、職場を離れた場所で行われる人材教育をいいます。Off-JTに対して実際の現場で上司や先輩の指導のもとで仕事を習得させていく教育方法をOJT(On the Job Training)といいます。,現場に権限を与えることによって自主性を生み出す。,仕事を離れて実施される教育訓練を通じて、知識や技術を習得させる。,実際の仕事を通じて計画的に指導・育成し、必要な知識や技術を習得させる。,質問や簡単なアドバイスを投げかけ、自ら目標に向かって行動を起こすように仕向ける。,B
00020059,0159,0002,ストラテジ系,ソフトウェアライフサイクルの主プロセスを、企画、要件定義、開発、運用、保守に分けたとき、要件定義プロセスで実施する作業として、適切なものはどれか。,要件定義プロセスは、システム開発において、新たに構築する業務、システムの仕様、及びシステム化の範囲と機能を明確にし、それらをシステム取得者側の利害関係者間で合意するプロセスです。利害関係者ニーズの識別と制約条件が定義され、それに基づいて業務要件、機能要件、非機能要件などがまとめられます。,開発されたシステムが決められた仕様に合っており、実際の稼働環境で利用可能であることを確認するためのテストを行う。,システム開発の外部委託の内容と条件を委託先に提示し、具体的な実施内容と費用見積りを入手する。,ソフトウェアの開発作業が実施できるように、システム内で使用する各種データの書式やデータベースの構造を詳細に決定する。,どのようなシステムを構築するかを、機能、性能、利用方法などの観点で、利用者側と開発者側で明確にする。,D
00020060,0160,0002,ストラテジ系,経営判断や業務遂行などに活用するために、データベースに蓄積された顧客の購買履歴などのデータを分析して、有用な情報を抽出する手法はどれか。,データマイニングは、データウェアハウスに蓄積されている大量の生データから、今まで知られていなかったデータの規則や因果関係を見つけ出す手法です。,データクレンジング,データマイニング,データマネージング,データモデリング,B
00020061,0161,0002,ストラテジ系,利益の追求だけでなく、社会に対する貢献や地球環境の保護などの社会課題を認識して取り組むという企業活動の基本となる考え方はどれか。,CSR(Corporate Social Responsibility)は、企業活動において経済的成長だけでなく、環境や社会からの要請に対し、責任を果たすことが、企業価値の向上につながるという考え方です。企業の社会的責任という意味を持ちます。,BCP,CSR,M&A,MBO,B
00020062,0162,0002,ストラテジ系,キャッシュフローの増加要因となるものはどれか。,キャッシュフロー(CF:Cash Flow)は企業会計で使われる概念で、一定期間における現金の流入出の金額を表します。キャッシュフローが増加するということは企業内に現金が多くとどまるということです。,受取手形や売掛金などの売上債権の増加,器具や備品などの投資金額の増加,製品在庫などの棚卸資産の増加,短期や長期の借入金の増加,D
00020063,0163,0002,ストラテジ系,自社の業務処理の一部を外部の事業者に任せる経営手法はどれか。,BPO(Business Process Outsourcing)は、業務効率の向上、業務コストの削減を目的に、業務プロセスを対象としてアウトソースを実施することです。,BPO,BTO,MBO,OJT,A
00020064,0164,0002,ストラテジ系,複数人が集まり、お互いの意見を批判せず、質より量を重視して自由に意見を出し合うことによって、アイディアを創出していく技法はどれか。,ブレーンストーミング(Brain storming)は、多様なアイディアを幅広く集めるために行われる討議方法です。,ブレーンストーミング,ベンチマーキング,ロールプレイング,ワークデザイン,A
00020065,0165,0002,ストラテジ系,ファブレスを説明したものはどれか。,ファブレスとは、その名の通りfab(fabrication facility)、つまり「工場」を持たない企業のことです。製品の企画設計や開発は自社で行い、製品の製造は設備を保有する専門業者に委託します。このようにして完成した製品を自社ブランドとして販売するビジネスモデルを展開します。,相手先の商標やブランドで製品を製造し、供給すること,自社では工場を持たずに製品の企画を行い、他の企業に生産委託する企業形態,製品の企画から製造、販売までの機能を垂直統合した製造小売業のこと,製品の設計、試作、製造を一括して生産受託するサービスのこと,B
00020066,0166,0002,ストラテジ系,ターゲットマーケティングの説明として、適切なものはどれか。,ターゲットマーケティングは、年齢や地域、性別や所得、趣味などで分類した特定範囲の消費者に狙いを定め、消費者グループごとに適切なマーケティング活動を行うアプローチです。,企業活動を個別の価値活動に分解し、各活動の付加価値について分析する。,事業や製品を成長性や市場シェアの観点で分類し、ポジショニングに応じた最適な資源配分を行う。,市場を幾つかのセグメン卜に分割し、少数のセグメントに絞ったアプローチを行う。,商品が市場に導入されて衰退するまでの期間を分割し、各期間に対応した戦略を設定する。,C
00020067,0167,0002,ストラテジ系,コンピュータプログラムの開発や作成に関する行為のうち、著作権侵害となるものはどれか。,著作権(ちょさくけん)とは、言語、音楽、絵画、建築、図形、映画、写真、コンピュータプログラムなどの表現形式によって自らの思想・感情を創作的に表現したものに認められる、それらの創作物の利用を支配することを目的とする権利です。,インターネットからダウンロードしたHTMLのソースを流用してa別のWebページを作成した。,インターネットの掲示板で議論されていたアイディアを基にプログラムを作成した。,学生のころに自分が作成したプログラムを使い、会社業務の作業効率を向上させるためのプログラムを作成した。,購入した書籍に掲載されていた流れ図を基にプログラムを作成した。,A
00020068,0168,0002,マネジメント系,システム監査の説明として、適切なものはどれか。,システム監査は、情報システムの信頼性・安全性・効率性などの向上のために、客観的な立場であるシステム監査人が情報システムを総合的に評価し、関係者に対して助言・勧告・改善活動のフォローアップまでを行うことです。,ISO 9001 品質マネジメントシステム規格に基づき実施する。,ISO 14001 環境マネジメントシステム規格への適合性を確認する。,監査ツールとしてITを利用する監査の総称である。,情報システムのリスクに対するコントロールの整備状況、運用状況を検証又は評価する。,D
00020069,0169,0002,マネジメント系,プロジェクトマネージャが行うプロジェクト関係者とのコミュニケーションに関する記述のうち、最も適切なものはどれか。,プロジェクトの計画時に作成される「コミュニケーションマネジメント計画書」で、誰が、誰に、いつ、どのような情報をどのような手段で提供するかを明示します。,どのような報告をいつ、だれに対してどのような方法で行うか、プロジェクトの開始時点で決めておく。,発注者にプロジェクトの進捗報告を行うときは、開発担当者が作成した進捗報告をそのまま使用する。,プロジェクトチームのメンバとのコミュニケーションは、連絡の迅速性を重視して口頭で行う。,プロジェクトの規模にかかわらず、定期的にプロジェクト内外の関係者全員を集めた進捗状況確認の会議を開催する。,A
00020070,0170,0002,マネジメント系,ソフトウェア詳細設計書に関する記述として、適切なものはどれか。,ソフトウェア詳細設計書とは、各モジュールをコーディング、コンパイル、テストを実施するソフトウェアユニット(単体、クラス、モジュール)のレベルに詳細化した仕様を文書化したものです。プログラムごとの機能・インターフェイス・プログラムの流れ図などが記述され、プログラミング工程では、この設計書を満足させるようなソフトウェアコードを作成します。,ソフトウェア詳細設計書には、システム結合テストのためのテスト仕様が含まれる。,ソフトウェア詳細設計書に基づいてプログラミングが実施される。,ソフトウェア詳細設計書は、システム要件定義の終了を契機として作成が開始される。,ソフトウェア詳細設計書は、将来のメンテナンス用として、単体テストが完了した後で完成させる。,B
00020071,0171,0002,マネジメント系,内部統制の一環として、業務分掌と整合のとれたアクセス管理を実現することになった。情報システムの開発において、アクセス管理の検討を開始するプロセスとして、適切なものはどれか。,情報システムの開発で機能を実装する場合には、要件定義や設計の段階で検討を始めます。プログラミング工程以降での機能追加では、設計工程への手戻りが生じてコストが増してしまいます。,要件定義,プログラミング,テスト,運用開始後,A
00020072,0172,0002,マネジメント系,システム開発のテストを、単体テスト、結合テスト、システムテスト、運用テストの順に行う場合、システムテストの内容として、適切なものはどれか。,システムテストは、システムとしての要件が満たされているか検証するために行われるテストで、システム要件定義で定められた機能や能力がすべて備わっているかを確認する工程です。機能テスト、性能テスト、サブシステム間の結合テスト、操作性テストなどに加えてシステムの耐障害性や安全性を確認するための、負荷テストや耐久テスト、例外テストなど様々な角度からシステムの品質をテストします。,個々のプログラムに誤りがないことを検証する。,性能要件を満たしていることを開発者が検証する。,プログラム間のインタフェースに誤りがないことを検証する。,利用者が実際に運用することで、業務の運用が要件どおり実施できることを検証する。,B
00020073,0173,0002,マネジメント系,SLAのサービスレベルの項目は、可用性、信頼性、性能などに分けられる。可用性に分類されるものはどれか。,可用性(Availability)とは、利用者から見て「必要なときに必要な機能を利用できる」度合いを示す能力です。一般にシステムが継続して稼働できる能力のことを指し、可用性を評価する指標として稼働率が用いられます。,オンライン応答時間,外部接続性,サービス時間,通信の暗号化レベル,C
00020074,0174,0002,マネジメント系,社内で開発したソフトウェアの本番環境への導入に関する記述のうち、最も適切なものはどれか。,ソフトウェア導入に当たって導入計画を策定し、利用者・開発・運用などの関係者の責任者を承認を受ける必要があります。導入計画には、必要な要員、予算、整備、スケジュールなどの実施体制が記載されます。,開発したソフトウェアの規模によらず必ず導入後のシステム監査を行い、監査報告書を作成する必要がある。,ソフトウェア導入に当たっては、実施者、責任者などの実施体制を明確にしておく必要がある。,ソフトウェア導入は開発作業に比べて短期間に実施できるので、導入手順書を作成する必要はない。,ソフトウェア導入はシステム部門だけで実施する作業なので、作業結果を文書化して利用部門に伝える必要はない。,B
00020075,0175,0002,マネジメント系,システム開発の各工程で実施する内容について、適切なものはどれか。,外部設計は、ユーザからのシステム要件をもとにシステムの機能を確定する作業工程です。ユーザの立場からみた業務機能を中心に設計を行うことが目的で、この作業工程ではサブシステムの定義と機能分割、論理データモデル設計、画面・帳票・コードの設計などが実施されます。,外部設計では画面や帳票の項目を検討する。,テストでは設計書のレビューを行い、机上でシステムの動作を確認する。,プログラミングではエンドユーザによるシステムの操作手順を確認する。,プロジェクト実行計画ではシステムの内部処理を検討する。,A
00020076,0176,0002,マネジメント系,ファシリティマネジメントを説明したものはどれか。,ファシリティマネジメント(Facility Management)は、企業・団体等が保有又は使用する全施設資産、及びそれらの利用環境を経営戦略的視点から総合的かつ統括的に企画、管理、活用する管理手法です。,ITサービスのレベルを維持管理するためにSLAの遵守状況を確認し、定期的に見直す。,経営の視点から、建物や設備などの保有、運用、維持などを最適化する手法である。,製品やサービスの品質の向上を図るために業務プロセスを継続的に改善する。,部品の調達から製造、流通、販売に至る一連のプロセスに参加する部門と企業間で情報を共有・管理する。,B
00020077,0177,0002,マネジメント系,SLAに含めることが適切な項目はどれか。,SLA(Service Level Agreement)は、通信サービス事業者などのサービス提供者と利用者の間で交わされる、サービスの品質保証に関する合意もしくは契約です。,サーバの性能,サービス提供時間帯,システムの運用コスト,新規サービスの追加手順,B
00020078,0178,0002,マネジメント系,ITサービスマネジメントのプロセスには、インシデント管理、問題管理、リリース管理などの活動がある。問題管理の活動はどれか。,問題管理は、ITIL(V2)のサービスサポートを構成するプロセスの一つで、インシデントや障害原因の追及と恒久的な対策、および再発防止策の策定を目的としています。,電子メールが送信できないと各部署から連絡があった。サービスを再開するためにバックアップシステムを立ち上げた。,電子メールが送信できないと問合せがあった。利用者にPCの設定を確認してもらったところ、電子メールアドレスが誤っていたので修正した。,メールシステムがサーバのハードウェア障害でダウンした。故障したハードウェア部品の交換と確認テストを実施した。,メールシステムがダウンした。原因を究明するために情報システムの担当者とシステムを構築したベンダの技術者を招集し、情報収集を開始した。,D
00020079,0179,0002,マネジメント系,ソフトウェア保守で実施する活動として、適切なものはどれか。,ソフトウェア保守は、運用開始後のシステム／ソフトウェアに対する変更依頼や機能改善への対応やプログラムの欠陥への対応、および、ビジネス環境の変化に応じたプログラムの修正作業などを実施するプロセスです。,システムの利用者に対して初期パスワードを発行する。,新規システムの開発を行うとき、保守のしやすさを含めたシステム要件をシステムでどのように実現するか検討する。,ベンダに開発を委託した新規システムの受入れテストを行う。,本番稼働中のシステムに対して、法律改正に適合させるためにプログラムを修正する。,D
00020080,0180,0002,マネジメント系,新システムに求められる運用時間を24時間、365日と決定した。この決定を行う開発工程はどれか。,システムに求められる機能や性能などをシステム要件といいます。要件定義は、利用者側の要望を聴取し、実装すべき機能や求められる性能を定義する工程です。,ソフトウェア受入,テスト,プログラミング,要件定義,D
00020081,0181,0002,マネジメント系,内部統制機能を構築するに当たって、仕事の役割分担や仕事の権限を明確にすることを何というか。,職務分掌(しょくむぶんしょう)は、問題文にある通り「仕事の役割分担や仕事の権限を明確にすること」です。,職務分掌,内部監査,モニタリング,リスクの分析,A
00020082,0182,0002,マネジメント系,利用者がITサービスプロバイダと契約する際、双方の間でサービスの品質と範囲を明文化する文書はどれか。,サービスレベル合意書(SLA:Service Level Agreement)は、通信サービス事業者(プロバイダ)と利用者の間で交わされる、サービスの品質保証に関する合意もしくは契約文書のことです。,サービスカタログ,サービス文書,サービスレベル合意書,サービスレベル要件,C
00020083,0183,0002,マネジメント系,ITサービスマネジメントにおいて、サービス提供者がSLAの内容を合意する相手は誰か。,SLA(Service Level Agreement)は、通信サービス事業者などのサービス提供者と利用者の間で交わされる、サービスの品質保証に関する合意もしくは契約文書のことです。,ITサービスを利用する組織の責任者,サービスデスクの責任者,システム開発の発注先,不特定多数を対象として外部に公開しているWebサイトの利用者,A
00020084,0184,0002,マネジメント系,ソフトウェア開発とその取引の適正化に向けて、それらのベースとなる作業項目を一つ一つ定義し、標準化したものはどれか。,SLCPは、共通フレームとも呼ばれソフトウェア取引において取得者と供給者、双方の目安とするためにソフトウェアのライフサイクルを可視化し「共通の物差し」を規定したものです。現在の規格は共通フレーム2007です。,SLCP,WBS,オブジェクト指向,データ中心アプローチ,A
00020085,0185,0002,マネジメント系,開発者Aさんは、入力データが意図されたとおりに処理されるかを、プログラムの内部構造を分析し確認している。現在Aさんが行っているテストはどれか。,ホワイトボックステストは、プログラムやモジュールの単体テストとして実施されるテスト手法で、内部構造に基づき仕様書どおりに動作するかを検証するために実施されます。,システムテスト,トップダウンテスト,ブラックボックステスト,ホワイトボックステスト,D
00020086,0186,0002,マネジメント系,業務で使用するPCにおいてプログラムに不具合があり、PCが操作不能になる現象がサービスデスクに報告された。ITサービスマネジメントにおけるインシデント管理で実施する作業として、適切なものはどれか。,インシデント管理の作業目的は、インシデントが発生した際に、サービスの中断時間を最小限に抑えて速やかに回復し、サービスの品質を維持することです。,PCを再起動して操作可能にする手順を指示する。,修正したプログラムをPCに配布する計画を立てる。,修正したプログラムをテストする。,プログラムの不具合を修正する。,A
00020087,0187,0002,マネジメント系,リバースエンジニアリングの説明として、適切なものはどれか。,リバースエンジニアリングは、既存ソフトウェアの動作を解析するなどして、製品の構造を分析し、そこから製造方法や動作原理、設計図、ソースコードなどを調査する技法です。,確認すべき複数の要因をうまく組み合わせることによって、なるべく少ない実験回数で効率的に実験を実施する手法,既存の製品を分解し、解析することによって、その製品の構造を解明して技術を獲得する手法,事業内容は変えないが、仕事の流れや方法を根本的に見直すことによって、最も望ましい業務の姿に変革する手法,製品の開発から生産に至る作業工程において、同時にできる作業を並行して進めることによって、期間を短縮する手法,B
00020088,0188,0002,マネジメント系,システム開発の外部設計において行う作業はどれか。,外部設計は、ユーザからのシステム要件をもとにシステムの機能を確定する作業工程です。ユーザの立場からみた業務機能を中心に設計を行うことが目的で、この作業工程ではサブシステムの定義と機能分割、論理データモデル設計、画面・帳票・コードの設計などが実施されます。,画面・帳票レイアウトの設計,性能要件の確定,物理データの設計,プログラムの設計,A
00020089,0189,0002,マネジメント系,顧客のニーズに合致したサービスを提供するために、組織が情報システムの運用の維持管理及び継続的な改善を行っていく取組みとして、適切なものはどれか。,ITサービスマネジメントは、利用者に一定の品質のITサービスを提供し続けるために情報システムや組織などを適切に維持管理する取組みです。,ITガバナンス,ITサービスマネジメント,サービスデスク,プロジェクトマネジメント,B
00020090,0190,0002,マネジメント系,ITILの説明として、適切なものはどれか。,ITIL(Information Technology Infrastructure Library)は、ITサービスマネジメントにおけるベストプラクティス（成功事例）をまとめた書籍群です。主にITサービス運営における日々の運用の手法について記したサービスサポート(通称:青本)・主に中長期的なITサービスの計画と改善手法について記したサービスデリバリ(通称:赤本)等から構成されています。,ITサービスの運用管理を効率的に行うためのソフトウェアパッケージ,ITサービスを運用管理するための方法を体系的にまとめたベストプラクティス集,ソフトウェア開発とその取引の適正化のために作業項目を定義したフレームワーク,ソフトウェア開発を効率よく行うための開発モデル,B
00020091,0191,0002,マネジメント系,利用部門からの要望を受けて、開発部門でシステム開発のプロジェクトを立ち上げた。プロジェクトマネージャの役割として、最も適切なものはどれか。,プロジェクトマネージャの役割はプロジェクトの進行をまとめることで、決められた範囲内や予算内で目標達成に向けてプロジェクトを進行させていくことがその職責です。,システムの要件を定義する。,プロジェクトの進捗を把握し、問題が起こらないように適切な処置を施す。,プロジェクトの提案書を作成する。,プロジェクトを実施するための資金を調達する。,B
00020092,0192,0002,マネジメント系,ウォータフォールモデルで開発を行うプロジェクトにおいて、システム要件定義の不具合を後続の工程で発見した。不具合を発見した工程のうち、不具合の修正や修正に伴う手戻りが最も少なく済む工程はどれか。,ウォータフォールモデルは、開発プロジェクトを時系列に「要求定義」「外部設計(概要設計)」「内部設計(詳細設計)」「開発(プログラミング)」「テスト」「運用」などの作業工程(局面、フェーズ)に分割し、開発を上流から下流に一方向に進める開発モデルです。,ステム設計,プログラミング,テスト,ソフトウェア受入れ,A
00020093,0193,0002,マネジメント系,SLAのサービスレベルの項目は、可用性、信頼性、性能などに分けられる。可用性に分類されるものはどれか。,可用性(Availability)とは、利用者から見て「必要なときに必要な機能を利用できる」度合いを示す能力です。一般にシステムが継続して稼働できる能力のことを指し、可用性を評価する指標として稼働率が用いられます。,オンライン応答時間,外部接続性,サービス時間,通信の暗号化レベル,C
00020094,0194,0002,マネジメント系,ソフトウェア保守に関する記述として、適切なものはどれか。,ソフトウェア保守は、運用開始後のソフトウェアに対して変更や機能改善への対応、プログラムの欠陥(バグ)への対応、ビジネス環境の変化に応じたプログラムの修正作業などを実施するプロセスです。,アプリケーションプログラムのエラーを監視する。,稼働後のシステムの障害を解決するために、プログラムを修正する。,システムの性能を向上させるために、サーバを置き換える。,データのバックアップを定期的に取得する。,B
00020095,0195,0002,マネジメント系,システムを上流工程から下流工程まで順番に進めるとき、システムの利用者によるテストの段階で大幅な手戻りが生じることがある。それを防ぐために、早い段階で試作ソフトウェアを作成して利用者の要求事項を明確にする方法はどれか。,プロトタイピング(モデル)は、開発の早い段階から試作品（プロトタイプ）を作り、利用者の確認を得ながら開発を進めていく手法です。試作品を作ることでシステムについての誤解を早い段階で発見できるため、下流工程での手戻りの可能性を少なくすることができます。,オブジェクト指向,スパイラルモデル,データ中心アプローチ,プロトタイピング,D
00020096,0196,0002,マネジメント系,システム開発において、システムテストで検証する内容として、適切なものはどれか。,システムテストは、システムとしての要件が満たされているか検証するために行われるテストで、システム要件定義で定められた機能や能力がすべて備わっているかを確認する工程です。,個々のプログラム間のインタフェースの整合性を検証する。,端末から行う照会処理の応答時間を検証する。,プログラムに記述された全ての命令を少なくとも1回実行し、仕様どおりに動くことを検証する。,プログラムの分岐条件をホワイトボックステストによって検証する。,B
00020097,0197,0002,マネジメント系,プロジェクト管理の手法を適用するケースとして、最も適切なものはどれか。,プロジェクトとは、独自の製品、サービス、所産を生み出すために実行される、定常業務ではない一度限りの活動です。定常業務と異なり、プロジェクトには「有期性」「独自性」という2つの要件があります。,コンピュータシステムの定常的なオペレーションに適用する。,システム開発業務を外部委託する場合に、料金設定の基準として適用する。,システム開発部の職制を構成する場合に、フレームワークとして適用する。,チームを編成して、システムを構築するときに適用する。,D
00020098,0198,0002,マネジメント系,SLAに含めることが適切な項目はどれか。,SLA(Service Level Agreement)は、通信サービス事業者などのサービス提供者と利用者の間で交わされる、サービスの品質保証に関する合意もしくは契約です。,サーバの性能,サービス提供時間帯,システムの運用コスト,新規サービスの追加手順,B
00020099,0199,0002,マネジメント系,プロジェクト管理においてマイルストーンに分類されるものはどれか。,マイルストーンとは、昔に道沿いに設置された目印・道しるべのことで目的地までの距離(1マイル=1.6km)等を記したものです。そこから転じてプロジェクト管理でのマイルストーンは、区切りやチェックポイントとしての意味で使われます。,結合テスト工程,コーディング作業,設計レビュー開始日,保守作業,C
00020100,0200,0002,マネジメント系,業務用サーバの停電対策として導入予定の自家発電設備は、停電を感知してから安定した電源供給が得られるまでに1分かかる。その1分間のサーバ用電源を確保するために必要な装置はどれか。,停電が起こるとシステムを構成する機器に電気が流れなくなり、稼働がストップするばかりか現在の作業状況をバックアップすることもできなくなってしまい業務に重大な支障をきたす恐れがあります。,A/Dコンバータ,RAID,UPS,ファイアウォール,C
